trade,equity,drawdown,date,drawdown_pct,pnl,setup
0,100000.0,0.0,,,,
1,99445.0,555.0,2024-02-20,0.56,-555.0,IB
2,98971.25,1028.75,2024-02-21,1.03,-473.75,IB
3,99466.25,533.75,2024-02-26,0.53,495.0,IB
4,98911.25,1088.75,2024-02-29,1.09,-555.0,IB
5,98125.79,1874.21,2024-03-11,1.87,-785.46,IB
6,98008.29,1991.71,2024-03-12,1.99,-117.5,REJ
7,97878.29,2121.71,2024-03-12,2.12,-130.0,REJ
8,97080.64,2919.36,2024-03-14,2.92,-797.65,IB
9,96731.89,3268.11,2024-03-20,3.27,-348.75,IB
10,96914.39,3085.61,2024-03-21,3.09,182.5,IB
11,97396.89,2603.11,2024-03-26,2.6,482.5,IB
12,96823.14,3176.86,2024-03-27,3.18,-573.75,IB
13,96918.14,3081.86,2024-04-01,3.08,95.0,IB
14,97600.64,2399.36,2024-04-03,2.4,682.5,REJ
15,97239.39,2760.61,2024-04-04,2.76,-361.25,IB
16,97859.39,2140.61,2024-04-04,2.14,620.0,IB
17,97064.06,2935.94,2024-04-10,2.94,-795.32,IB
18,96352.81,3647.19,2024-04-10,3.65,-711.25,IB
19,96235.31,3764.69,2024-04-11,3.76,-117.5,REJ
20,96117.81,3882.19,2024-04-11,3.88,-117.5,REJ
21,96762.81,3237.19,2024-04-11,3.24,645.0,REJ
22,98445.31,1554.69,2024-04-15,1.55,1682.5,IB
23,97765.31,2234.69,2024-04-16,2.23,-680.0,IB
24,96985.7,3014.3,2024-04-17,3.01,-779.61,IB
25,97043.2,2956.8,2024-04-18,2.96,57.5,IB
26,96456.95,3543.05,2024-04-22,3.54,-586.25,IB
27,95951.95,4048.05,2024-04-23,4.05,-505.0,REJ
28,95834.45,4165.55,2024-04-23,4.17,-117.5,REJ
29,95904.45,4095.55,2024-04-23,4.1,70.0,REJ
30,96624.45,3375.55,2024-04-24,3.38,720.0,IB
31,97481.95,2518.05,2024-04-29,2.52,857.5,IB
32,98164.45,1835.55,2024-04-30,1.84,682.5,IB
33,97678.2,2321.8,2024-05-01,2.32,-486.25,IB
34,97085.7,2914.3,2024-05-02,2.91,-592.5,REJ
35,96749.45,3250.55,2024-05-07,3.25,-336.25,IB
36,96213.2,3786.8,2024-05-16,3.79,-536.25,IB
37,97995.7,2004.3,2024-05-23,2.0,1782.5,IB
38,98740.7,1259.3,2024-05-28,1.26,745.0,IB
39,98179.45,1820.55,2024-05-30,1.82,-561.25,IB
40,99074.45,925.55,2024-06-03,0.93,895.0,IB
41,98375.7,1624.3,2024-06-04,1.62,-698.75,IB
42,98908.2,1091.8,2024-06-06,1.09,532.5,IB
43,100053.2,0.0,2024-06-12,0.0,1145.0,REJ
44,99254.45,798.75,2024-06-13,0.8,-798.75,IB
45,99136.95,916.25,2024-06-17,0.92,-117.5,REJ
46,98738.2,1315.0,2024-06-18,1.31,-398.75,IB
47,99608.2,445.0,2024-06-20,0.44,870.0,IB
48,100140.7,0.0,2024-06-24,0.0,532.5,IB
49,99510.7,630.0,2024-06-27,0.63,-630.0,IB
50,99018.2,1122.5,2024-06-27,1.12,-492.5,IB
51,98750.7,1390.0,2024-07-01,1.39,-267.5,REJ
52,98658.2,1482.5,2024-07-08,1.48,-92.5,IB
53,100178.2,0.0,2024-07-11,0.0,1520.0,IB
54,99554.45,623.75,2024-07-15,0.62,-623.75,IB
55,100274.45,0.0,2024-07-22,0.0,720.0,REJ
56,99438.2,836.25,2024-07-22,0.83,-836.25,IB
57,98920.7,1353.75,2024-07-22,1.35,-517.5,REJ
58,98828.2,1446.25,2024-07-22,1.44,-92.5,REJ
59,98910.7,1363.75,2024-07-22,1.36,82.5,REJ
60,98793.2,1481.25,2024-07-25,1.48,-117.5,REJ
61,102863.2,0.0,2024-07-25,0.0,4070.0,REJ
62,102183.2,680.0,2024-07-29,0.66,-680.0,IB
63,101478.2,1385.0,2024-07-29,1.35,-705.0,IB
64,104010.7,0.0,2024-08-01,0.0,2532.5,IB
65,103055.7,955.0,2024-08-05,0.92,-955.0,REJ
66,104113.2,0.0,2024-08-05,0.0,1057.5,REJ
67,103995.7,117.5,2024-08-06,0.11,-117.5,REJ
68,103678.2,435.0,2024-08-06,0.42,-317.5,REJ
69,103560.7,552.5,2024-08-06,0.53,-117.5,REJ
70,103443.2,670.0,2024-08-06,0.64,-117.5,REJ
71,103325.7,787.5,2024-08-06,0.76,-117.5,REJ
72,103208.2,905.0,2024-08-06,0.87,-117.5,REJ
73,103090.7,1022.5,2024-08-06,0.98,-117.5,REJ
74,104873.2,0.0,2024-08-07,0.0,1782.5,IB
75,104030.7,842.5,2024-08-08,0.8,-842.5,REJ
76,103200.7,1672.5,2024-08-08,1.59,-830.0,REJ
77,103083.2,1790.0,2024-08-08,1.71,-117.5,REJ
78,102965.7,1907.5,2024-08-08,1.82,-117.5,REJ
79,102848.2,2025.0,2024-08-08,1.93,-117.5,REJ
80,102630.7,2242.5,2024-08-20,2.14,-217.5,IB
81,101981.95,2891.25,2024-08-21,2.76,-648.75,IB
82,101445.7,3427.5,2024-08-21,3.27,-536.25,IB
83,102803.2,2070.0,2024-08-22,1.97,1357.5,IB
84,103423.2,1450.0,2024-08-28,1.38,620.0,IB
85,103505.7,1367.5,2024-08-29,1.3,82.5,IB
86,105075.7,0.0,2024-09-05,0.0,1570.0,IB
87,104333.2,742.5,2024-09-09,0.71,-742.5,IB
88,103495.87,1579.82,2024-09-10,1.5,-837.32,IB
89,102990.87,2084.82,2024-09-11,1.98,-505.0,REJ
90,102873.37,2202.32,2024-09-11,2.1,-117.5,REJ
91,102755.87,2319.82,2024-09-11,2.21,-117.5,REJ
92,102638.37,2437.32,2024-09-11,2.32,-117.5,REJ
93,102520.87,2554.82,2024-09-11,2.43,-117.5,REJ
94,101828.37,3247.32,2024-09-18,3.09,-692.5,IB
95,101073.37,4002.32,2024-09-24,3.81,-755.0,IB
96,100737.12,4338.57,2024-09-25,4.13,-336.25,IB
97,101257.12,3818.57,2024-09-25,3.63,520.0,IB
98,101077.12,3998.57,2024-09-26,3.81,-180.0,IB
99,101684.62,3391.07,2024-09-30,3.23,607.5,IB
100,100806.2,4269.5,2024-10-01,4.06,-878.42,IB
101,99963.7,5112.0,2024-10-03,4.87,-842.5,IB
102,99063.11,6012.59,2024-10-17,5.72,-900.59,IB
103,99195.61,5880.09,2024-10-17,5.6,132.5,IB
104,100015.61,5060.09,2024-10-23,4.82,820.0,IB
105,100748.11,4327.59,2024-10-24,4.12,732.5,IB
106,100780.61,4295.09,2024-10-28,4.09,32.5,IB
107,99838.11,5237.59,2024-10-29,4.98,-942.5,REJ
108,99520.61,5555.09,2024-10-29,5.29,-317.5,REJ
109,100803.11,4272.59,2024-10-30,4.07,1282.5,REJ
110,102098.11,2977.59,2024-10-31,2.83,1295.0,IB
111,101220.4,3855.3,2024-11-04,3.67,-877.71,IB
112,100565.4,4510.3,2024-11-05,4.29,-655.0,REJ
113,100447.9,4627.8,2024-11-05,4.4,-117.5,REJ
114,100330.4,4745.3,2024-11-06,4.52,-117.5,REJ
115,100212.9,4862.8,2024-11-06,4.63,-117.5,REJ
116,100095.4,4980.3,2024-11-06,4.74,-117.5,REJ
117,99977.9,5097.8,2024-11-06,4.85,-117.5,REJ
118,99860.4,5215.3,2024-11-06,4.96,-117.5,REJ
119,100605.4,4470.3,2024-11-12,4.25,745.0,IB
120,100425.4,4650.3,2024-11-21,4.43,-180.0,REJ
121,100357.9,4717.8,2024-11-21,4.49,-67.5,REJ
122,100240.4,4835.3,2024-11-21,4.6,-117.5,REJ
123,100122.9,4952.8,2024-11-21,4.71,-117.5,REJ
124,100005.4,5070.3,2024-11-21,4.83,-117.5,REJ
125,99950.4,5125.3,2024-11-27,4.88,-55.0,IB
126,99576.65,5499.05,2024-12-03,5.23,-373.75,IB
127,99171.65,5904.05,2024-12-05,5.62,-405.0,IB
128,98829.15,6246.55,2024-12-05,5.94,-342.5,IB
129,99674.15,5401.55,2024-12-09,5.14,845.0,IB
130,100269.15,4806.55,2024-12-10,4.57,595.0,IB
131,100601.65,4474.05,2024-12-12,4.26,332.5,IB
132,101534.15,3541.55,2024-12-18,3.37,932.5,IB
133,100624.45,4451.25,2024-12-19,4.24,-909.7,IB
134,101894.45,3181.25,2024-12-19,3.03,1270.0,IB
135,101776.95,3298.75,2024-12-23,3.14,-117.5,REJ
136,101659.45,3416.25,2024-12-23,3.25,-117.5,REJ
137,101541.95,3533.75,2024-12-23,3.36,-117.5,REJ
138,102799.45,2276.25,2024-12-31,2.17,1257.5,IB
139,101892.64,3183.06,2025-01-02,3.03,-906.81,IB
140,102087.64,2988.06,2025-01-06,2.84,195.0,IB
141,101173.66,3902.04,2025-01-07,3.71,-913.98,IB
142,102706.16,2369.54,2025-01-14,2.26,1532.5,IB
143,102501.16,2574.54,2025-01-14,2.45,-205.0,IB
144,102046.16,3029.54,2025-01-27,2.88,-455.0,REJ
145,101741.16,3334.54,2025-01-28,3.17,-305.0,REJ
146,101623.66,3452.04,2025-01-28,3.29,-117.5,REJ
147,101012.41,4063.29,2025-01-29,3.87,-611.25,IB
148,100084.07,4991.62,2025-01-30,4.75,-928.34,IB
149,99966.57,5109.12,2025-02-03,4.86,-117.5,REJ
150,99849.07,5226.62,2025-02-03,4.97,-117.5,REJ
151,99806.57,5269.12,2025-02-03,5.01,-42.5,REJ
152,99451.57,5624.12,2025-02-03,5.35,-355.0,REJ
153,100559.07,4516.62,2025-02-03,4.3,1107.5,REJ
154,100029.07,5046.62,2025-02-06,4.8,-530.0,IB
155,100661.57,4414.12,2025-02-06,4.2,632.5,IB
156,100031.57,5044.12,2025-02-12,4.8,-630.0,REJ
157,99914.07,5161.62,2025-02-12,4.91,-117.5,REJ
158,99796.57,5279.12,2025-02-12,5.02,-117.5,REJ
159,99679.07,5396.62,2025-02-12,5.14,-117.5,REJ
160,98961.57,6114.12,2025-02-18,5.82,-717.5,IB
161,99244.07,5831.62,2025-02-26,5.55,282.5,IB
162,101326.57,3749.12,2025-02-27,3.57,2082.5,IB
163,104634.07,441.62,2025-03-03,0.42,3307.5,IB
164,104516.57,559.12,2025-03-04,0.53,-117.5,REJ
165,104399.07,676.62,2025-03-04,0.64,-117.5,REJ
166,104281.57,794.12,2025-03-04,0.76,-117.5,REJ
167,103398.72,1676.97,2025-03-05,1.6,-882.85,IB
168,102546.89,2528.81,2025-03-11,2.41,-851.84,IB
169,103891.89,1183.81,2025-03-13,1.13,1345.0,IB
170,103025.61,2050.09,2025-03-18,1.95,-866.27,IB
171,105133.11,0.0,2025-03-20,0.0,2107.5,REJ
172,104609.36,523.75,2025-03-25,0.5,-523.75,IB
173,106466.86,0.0,2025-03-26,0.0,1857.5,IB
174,105974.36,492.5,2025-04-02,0.46,-492.5,REJ
175,105644.36,822.5,2025-04-02,0.77,-330.0,REJ
176,105526.86,940.0,2025-04-02,0.88,-117.5,REJ
177,105496.86,970.0,2025-04-02,0.91,-30.0,REJ
178,106241.86,225.0,2025-04-02,0.21,745.0,REJ
179,105404.09,1062.77,2025-04-03,1.0,-837.77,IB
180,106961.59,0.0,2025-04-03,0.0,1557.5,IB
181,110656.59,0.0,2025-04-08,0.0,3695.0,IB
182,114301.59,0.0,2025-04-10,0.0,3645.0,IB
183,113468.31,833.27,2025-04-14,0.73,-833.27,IB
184,113688.31,613.27,2025-04-15,0.54,220.0,IB
185,115808.31,0.0,2025-04-16,0.0,2120.0,IB
186,114996.23,812.09,2025-04-17,0.7,-812.09,IB
187,116691.23,0.0,2025-04-23,0.0,1695.0,IB
188,118648.73,0.0,2025-04-28,0.0,1957.5,IB
189,117949.98,698.75,2025-05-07,0.59,-698.75,IB
190,119194.98,0.0,2025-05-07,0.0,1245.0,IB
191,118328.7,866.27,2025-05-08,0.73,-866.27,IB
192,117517.45,1677.52,2025-05-14,1.41,-811.25,IB
193,116615.96,2579.01,2025-05-14,2.16,-901.49,IB
194,115798.46,3396.51,2025-05-19,2.85,-817.5,REJ
195,115868.46,3326.51,2025-05-19,2.79,70.0,REJ
196,116650.96,2544.01,2025-05-20,2.13,782.5,IB
197,118183.46,1011.51,2025-05-21,0.85,1532.5,IB
198,117703.46,1491.51,2025-05-26,1.25,-480.0,IB
199,118673.46,521.51,2025-05-28,0.44,970.0,IB
200,117771.71,1423.26,2025-05-29,1.19,-901.75,IB
201,116868.46,2326.51,2025-05-29,1.95,-903.25,IB
202,116113.46,3081.51,2025-06-02,2.59,-755.0,REJ
203,115770.96,3424.01,2025-06-02,2.87,-342.5,REJ
204,115409.71,3785.26,2025-06-10,3.18,-361.25,IB
205,115192.21,4002.76,2025-06-11,3.36,-217.5,IB
206,115774.71,3420.26,2025-06-16,2.87,582.5,REJ
207,116744.71,2450.26,2025-06-17,2.06,970.0,IB
208,118377.21,817.76,2025-06-18,0.69,1632.5,REJ
209,118272.21,922.76,2025-06-18,0.77,-105.0,IB
210,120117.21,0.0,2025-06-23,0.0,1845.0,REJ
211,119899.71,217.5,2025-06-23,0.18,-217.5,REJ
212,120482.21,0.0,2025-06-25,0.0,582.5,IB
213,120039.71,442.5,2025-06-30,0.37,-442.5,IB
214,119322.21,1160.0,2025-07-01,0.96,-717.5,IB
215,120117.21,365.0,2025-07-07,0.3,795.0,IB
216,121449.71,0.0,2025-07-15,0.0,1332.5,IB
217,120492.65,957.06,2025-07-16,0.79,-957.06,IB
218,120312.65,1137.06,2025-07-22,0.94,-180.0,REJ
219,119857.65,1592.06,2025-07-28,1.31,-455.0,IB
220,120565.15,884.56,2025-07-29,0.73,707.5,IB
221,120128.9,1320.81,2025-07-30,1.09,-436.25,IB
222,120823.9,625.81,2025-07-30,0.52,695.0,IB
223,121981.4,0.0,2025-07-31,0.0,1157.5,IB
224,121138.9,842.5,2025-08-04,0.69,-842.5,REJ
225,121071.4,910.0,2025-08-04,0.75,-67.5,REJ
226,120828.9,1152.5,2025-08-04,0.94,-242.5,REJ
227,121248.9,732.5,2025-08-05,0.6,420.0,IB
228,123193.9,0.0,2025-08-07,0.0,1945.0,IB
229,122851.4,342.5,2025-08-11,0.28,-342.5,IB
230,123408.9,0.0,2025-08-11,0.0,557.5,IB
231,122803.9,605.0,2025-08-13,0.49,-605.0,IB
232,123861.4,0.0,2025-08-19,0.0,1057.5,IB
233,122887.91,973.49,2025-08-21,0.79,-973.49,IB
234,121913.79,1947.61,2025-09-02,1.57,-974.12,IB
235,121290.04,2571.36,2025-09-03,2.08,-623.75,IB
236,120853.79,3007.61,2025-09-08,2.43,-436.25,IB
237,120298.79,3562.61,2025-09-10,2.88,-555.0,IB
238,119812.54,4048.86,2025-09-17,3.27,-486.25,IB
239,118806.54,5054.86,2025-09-17,4.08,-1006.0,IB
240,119339.04,4522.36,2025-09-18,3.65,532.5,REJ
241,119834.04,4027.36,2025-09-23,3.25,495.0,IB
242,120941.54,2919.86,2025-09-24,2.36,1107.5,IB
243,122424.04,1437.36,2025-09-25,1.16,1482.5,REJ
244,121412.79,2448.61,2025-09-25,1.98,-1011.25,IB
245,122170.29,1691.11,2025-09-29,1.37,757.5,IB
246,121671.54,2189.86,2025-09-30,1.77,-498.75,IB
247,122554.04,1307.36,2025-10-07,1.06,882.5,IB
248,123186.54,674.86,2025-10-13,0.54,632.5,REJ
249,122931.54,929.86,2025-10-14,0.75,-255.0,REJ
250,122664.04,1197.36,2025-10-14,0.97,-267.5,REJ
251,122546.54,1314.86,2025-10-14,1.06,-117.5,REJ
252,122429.04,1432.36,2025-10-14,1.16,-117.5,REJ
253,123986.54,0.0,2025-10-14,0.0,1557.5,REJ
254,126094.04,0.0,2025-10-15,0.0,2107.5,IB
255,127426.54,0.0,2025-10-16,0.0,1332.5,IB
256,128771.54,0.0,2025-10-22,0.0,1345.0,IB
257,128216.54,555.0,2025-10-28,0.43,-555.0,IB
258,127780.29,991.25,2025-10-29,0.77,-436.25,IB
259,128550.29,221.25,2025-10-29,0.17,770.0,IB
260,130957.79,0.0,2025-11-04,0.0,2407.5,REJ
261,130309.04,648.75,2025-11-10,0.5,-648.75,IB
262,129735.29,1222.5,2025-11-12,0.93,-573.75,IB
263,131392.79,0.0,2025-11-13,0.0,1657.5,IB
264,130366.72,1026.06,2025-11-17,0.78,-1026.06,IB
265,132761.72,0.0,2025-11-17,0.0,2395.0,IB
266,131856.72,905.0,2025-11-18,0.68,-905.0,REJ
267,133701.72,0.0,2025-11-18,0.0,1845.0,REJ
268,132689.24,1012.49,2025-11-19,0.76,-1012.49,IB
269,134159.24,0.0,2025-11-20,0.0,1470.0,IB
270,133279.24,880.0,2025-11-25,0.66,-880.0,REJ
271,133161.74,997.5,2025-11-25,0.74,-117.5,REJ
272,133044.24,1115.0,2025-11-25,0.83,-117.5,REJ
273,132926.74,1232.5,2025-11-25,0.92,-117.5,REJ
274,131885.38,2273.86,2025-12-02,1.69,-1041.36,IB
275,130924.12,3235.11,2025-12-04,2.41,-961.25,IB
276,130894.12,3265.11,2025-12-08,2.43,-30.0,IB
277,130776.62,3382.61,2025-12-11,2.52,-117.5,REJ
278,130659.12,3500.11,2025-12-11,2.61,-117.5,REJ
279,130541.62,3617.61,2025-12-11,2.7,-117.5,REJ
280,130424.12,3735.11,2025-12-11,2.78,-117.5,REJ
281,129390.56,4768.67,2025-12-16,3.55,-1033.56,IB
282,130810.56,3348.67,2025-12-17,2.5,1420.0,IB
283,131880.56,2278.67,2025-12-31,1.7,1070.0,IB
284,130823.79,3335.45,2026-01-14,2.49,-1056.77,IB
285,131581.29,2577.95,2026-01-15,1.92,757.5,IB
286,133126.29,1032.95,2026-01-20,0.77,1545.0,IB
287,136071.29,0.0,2026-01-21,0.0,2945.0,REJ
288,136466.29,0.0,2026-01-22,0.0,395.0,REJ
289,137373.79,0.0,2026-01-28,0.0,907.5,IB
290,136656.29,717.5,2026-02-02,0.52,-717.5,REJ
291,136626.29,747.5,2026-02-02,0.54,-30.0,REJ
292,136471.29,902.5,2026-02-02,0.66,-155.0,REJ
293,136328.79,1045.0,2026-02-02,0.76,-142.5,REJ
294,136236.29,1137.5,2026-02-02,0.83,-92.5,REJ
295,136218.79,1155.0,2026-02-02,0.84,-17.5,REJ
296,135166.36,2207.43,2026-02-04,1.61,-1052.43,IB
297,135823.86,1549.93,2026-02-10,1.13,657.5,IB
298,135287.61,2086.18,2026-02-16,1.52,-536.25,IB
299,135170.11,2203.68,2026-02-17,1.6,-117.5,REJ
300,135052.61,2321.18,2026-02-17,1.69,-117.5,REJ
301,134935.11,2438.68,2026-02-17,1.78,-117.5,REJ
302,135705.11,1668.68,2026-02-17,1.21,770.0,REJ
303,136787.61,586.18,2026-02-18,0.43,1082.5,REJ
304,135742.2,1631.59,2026-02-19,1.19,-1045.41,IB
