setup,direction,entry_time,entry_price,exit_time,exit_price,exit_reason,stop,target,pnl_pts,pnl_dollar
IB,SHORT,2024-02-20 11:55:00-05:00,4981.5,2024-02-20 15:55:00-05:00,4992.5,flatten,4996.12,4955.5,-11.0,-555.0
IB,SHORT,2024-02-21 14:20:00-05:00,4969.5,2024-02-21 15:35:00-05:00,4978.88,stop,4978.88,4958.0,-9.38,-473.75
IB,SHORT,2024-02-26 10:45:00-05:00,5096.5,2024-02-26 13:25:00-05:00,5086.5,target,5102.88,5086.5,10.0,495.0
IB,SHORT,2024-02-29 11:30:00-05:00,5084.0,2024-02-29 13:10:00-05:00,5095.0,stop,5095.0,5063.25,-11.0,-555.0
IB,SHORT,2024-03-07 13:00:00-05:00,62.8,2024-03-07 13:05:00-05:00,63.24,stop,63.24,42.8,-0.44,-26.96
IB,SHORT,2024-03-07 14:30:00-05:00,62.95,2024-03-07 14:35:00-05:00,63.39,stop,63.39,42.95,-0.44,-26.98
IB,SHORT,2024-03-13 11:30:00-04:00,63.5,2024-03-13 11:35:00-04:00,63.94,stop,63.94,49.25,-0.44,-27.06
IB,SHORT,2024-03-20 13:40:00-04:00,5234.5,2024-03-20 14:00:00-04:00,5241.38,stop,5241.38,5222.5,-6.88,-348.75
IB,SHORT,2024-03-21 14:05:00-04:00,5306.5,2024-03-21 15:55:00-04:00,5302.75,flatten,5315.0,5293.75,3.75,182.5
IB,SHORT,2024-03-26 13:40:00-04:00,5285.0,2024-03-26 15:30:00-04:00,5275.25,target,5290.38,5275.25,9.75,482.5
IB,SHORT,2024-03-27 10:45:00-04:00,5272.0,2024-03-27 14:15:00-04:00,5283.38,stop,5283.38,5251.0,-11.38,-573.75
IB,SHORT,2024-04-01 10:35:00-04:00,5296.0,2024-04-01 15:55:00-04:00,5294.0,flatten,5309.38,5280.5,2.0,95.0
IB,SHORT,2024-04-04 11:10:00-04:00,5293.5,2024-04-04 11:45:00-04:00,5300.62,stop,5300.62,5281.0,-7.12,-361.25
IB,SHORT,2024-04-04 13:45:00-04:00,5293.5,2024-04-04 14:05:00-04:00,5281.0,target,5300.62,5281.0,12.5,620.0
IB,SHORT,2024-04-10 13:05:00-04:00,5185.25,2024-04-10 13:20:00-04:00,5201.06,stop,5201.06,5160.25,-15.81,-795.32
IB,SHORT,2024-04-10 13:35:00-04:00,5189.5,2024-04-10 13:55:00-04:00,5203.62,stop,5203.62,5164.5,-14.12,-711.25
IB,SHORT,2024-04-15 10:35:00-04:00,5176.25,2024-04-15 13:20:00-04:00,5142.5,target,5192.03,5142.5,33.75,1682.5
IB,SHORT,2024-04-16 10:35:00-04:00,5085.25,2024-04-16 11:15:00-04:00,5098.75,stop,5098.75,5062.0,-13.5,-680.0
IB,SHORT,2024-04-17 10:50:00-04:00,5080.5,2024-04-17 11:00:00-04:00,5095.99,stop,5095.99,5052.5,-15.49,-779.61
IB,SHORT,2024-04-18 13:15:00-04:00,5049.5,2024-04-18 15:55:00-04:00,5048.25,flatten,5063.5,5024.25,1.25,57.5
IB,SHORT,2024-04-22 10:50:00-04:00,5012.5,2024-04-22 11:55:00-04:00,5024.12,stop,5024.12,4992.5,-11.62,-586.25
IB,SHORT,2024-04-24 10:35:00-04:00,5107.5,2024-04-24 11:15:00-04:00,5093.0,target,5117.38,5093.0,14.5,720.0
IB,SHORT,2024-04-29 14:35:00-04:00,5136.25,2024-04-29 15:05:00-04:00,5119.0,target,5145.5,5119.0,17.25,857.5
IB,SHORT,2024-04-30 11:00:00-04:00,5126.5,2024-04-30 11:10:00-04:00,5112.75,target,5134.25,5112.75,13.75,682.5
IB,SHORT,2024-05-01 13:10:00-04:00,5043.75,2024-05-01 13:30:00-04:00,5053.38,stop,5053.38,5026.25,-9.62,-486.25
IB,SHORT,2024-05-07 14:15:00-04:00,5208.75,2024-05-07 15:50:00-04:00,5215.38,stop,5215.38,5199.0,-6.62,-336.25
IB,SHORT,2024-05-16 14:10:00-04:00,5324.25,2024-05-16 15:00:00-04:00,5334.88,stop,5334.88,5311.25,-10.62,-536.25
IB,SHORT,2024-05-23 13:00:00-04:00,5321.0,2024-05-23 14:05:00-04:00,5285.25,target,5337.21,5285.25,35.75,1782.5
IB,SHORT,2024-05-28 13:50:00-04:00,5313.0,2024-05-28 14:35:00-04:00,5298.0,target,5323.62,5298.0,15.0,745.0
IB,SHORT,2024-05-30 11:00:00-04:00,5255.0,2024-05-30 11:30:00-04:00,5266.12,stop,5266.12,5239.0,-11.12,-561.25
IB,SHORT,2024-06-03 10:40:00-04:00,5294.5,2024-06-03 11:00:00-04:00,5276.5,target,5304.12,5276.5,18.0,895.0
IB,SHORT,2024-06-04 11:30:00-04:00,5274.0,2024-06-04 12:45:00-04:00,5287.88,stop,5287.88,5254.0,-13.88,-698.75
IB,SHORT,2024-06-06 11:30:00-04:00,5361.75,2024-06-06 14:05:00-04:00,5351.0,target,5367.75,5351.0,10.75,532.5
IB,SHORT,2024-06-24 13:30:00-04:00,5525.25,2024-06-24 15:55:00-04:00,5514.5,flatten,5542.08,5492.75,10.75,532.5
IB,SHORT,2024-06-27 11:30:00-04:00,5533.25,2024-06-27 13:25:00-04:00,5545.75,stop,5545.75,5515.0,-12.5,-630.0
IB,SHORT,2024-06-27 14:00:00-04:00,5536.0,2024-06-27 15:55:00-04:00,5545.75,stop,5545.75,5517.75,-9.75,-492.5
IB,SHORT,2024-07-08 10:40:00-04:00,5625.75,2024-07-08 15:55:00-04:00,5627.5,flatten,5632.0,5615.0,-1.75,-92.5
IB,SHORT,2024-07-11 10:40:00-04:00,5663.5,2024-07-11 12:50:00-04:00,5633.0,target,5680.38,5633.0,30.5,1520.0
IB,SHORT,2024-07-15 13:30:00-04:00,5678.25,2024-07-15 14:30:00-04:00,5690.62,stop,5690.62,5663.75,-12.38,-623.75
IB,SHORT,2024-07-22 11:45:00-04:00,5575.5,2024-07-22 12:50:00-04:00,5592.12,stop,5592.12,5544.5,-16.62,-836.25
IB,SHORT,2024-07-29 10:45:00-04:00,5499.75,2024-07-29 12:00:00-04:00,5513.25,stop,5513.25,5476.5,-13.5,-680.0
IB,SHORT,2024-07-29 14:35:00-04:00,5499.25,2024-07-29 15:35:00-04:00,5513.25,stop,5513.25,5476.0,-14.0,-705.0
IB,SHORT,2024-08-01 10:35:00-04:00,5544.0,2024-08-01 11:45:00-04:00,5493.25,target,5560.88,5493.25,50.75,2532.5
IB,SHORT,2024-08-07 11:45:00-04:00,5318.5,2024-08-07 13:05:00-04:00,5282.75,target,5334.71,5282.75,35.75,1782.5
IB,SHORT,2024-08-20 10:35:00-04:00,5616.75,2024-08-20 15:55:00-04:00,5621.0,flatten,5633.25,5596.0,-4.25,-217.5
IB,SHORT,2024-08-21 10:50:00-04:00,5620.25,2024-08-21 11:10:00-04:00,5633.12,stop,5633.12,5601.25,-12.88,-648.75
IB,SHORT,2024-08-21 11:55:00-04:00,5622.5,2024-08-21 12:45:00-04:00,5633.12,stop,5633.12,5603.5,-10.62,-536.25
IB,SHORT,2024-08-22 10:45:00-04:00,5635.5,2024-08-22 11:40:00-04:00,5608.25,target,5651.5,5608.25,27.25,1357.5
IB,SHORT,2024-08-28 10:40:00-04:00,5629.75,2024-08-28 11:00:00-04:00,5617.25,target,5638.12,5617.25,12.5,620.0
IB,SHORT,2024-08-29 14:35:00-04:00,5612.0,2024-08-29 15:55:00-04:00,5610.25,flatten,5629.09,5586.0,1.75,82.5
IB,SHORT,2024-09-05 10:55:00-04:00,5522.75,2024-09-05 12:15:00-04:00,5491.25,target,5539.57,5491.25,31.5,1570.0
IB,SHORT,2024-09-09 10:40:00-04:00,5453.5,2024-09-09 11:35:00-04:00,5468.25,stop,5468.25,5430.75,-14.75,-742.5
IB,SHORT,2024-09-10 11:00:00-04:00,58.05,2024-09-10 11:05:00-04:00,58.47,stop,58.47,27.3,-0.42,-26.25
IB,SHORT,2024-09-24 10:35:00-04:00,5755.75,2024-09-24 10:50:00-04:00,5770.75,stop,5770.75,5727.0,-15.0,-755.0
IB,SHORT,2024-09-25 10:45:00-04:00,5786.75,2024-09-25 11:00:00-04:00,5793.38,stop,5793.38,5776.25,-6.62,-336.25
IB,SHORT,2024-09-25 11:25:00-04:00,5786.5,2024-09-25 13:00:00-04:00,5776.0,target,5793.38,5776.0,10.5,520.0
IB,SHORT,2024-09-26 10:50:00-04:00,5799.5,2024-09-26 15:55:00-04:00,5803.0,flatten,5815.62,5776.5,-3.5,-180.0
IB,SHORT,2024-09-30 14:15:00-04:00,5769.5,2024-09-30 14:20:00-04:00,5757.25,target,5784.75,5757.25,12.25,607.5
IB,SHORT,2024-10-01 13:15:00-04:00,5739.25,2024-10-01 13:45:00-04:00,5756.72,stop,5756.72,5671.0,-17.47,-878.42
IB,SHORT,2024-10-03 10:55:00-04:00,5737.75,2024-10-03 11:40:00-04:00,5754.5,stop,5754.5,5707.0,-16.75,-842.5
IB,SHORT,2024-10-17 11:00:00-04:00,5887.0,2024-10-17 11:30:00-04:00,5904.91,stop,5904.91,5853.5,-17.91,-900.59
IB,SHORT,2024-10-17 14:15:00-04:00,5889.0,2024-10-17 15:55:00-04:00,5886.25,flatten,5906.92,5855.5,2.75,132.5
IB,SHORT,2024-10-23 11:10:00-04:00,5849.5,2024-10-23 13:00:00-04:00,5833.0,target,5866.38,5833.0,16.5,820.0
IB,SHORT,2024-10-24 11:35:00-04:00,5838.5,2024-10-24 12:10:00-04:00,5823.75,target,5850.25,5823.75,14.75,732.5
IB,SHORT,2024-10-28 11:40:00-04:00,5863.5,2024-10-28 15:55:00-04:00,5862.75,flatten,5873.62,5849.5,0.75,32.5
IB,SHORT,2024-10-31 10:45:00-04:00,5761.5,2024-10-31 15:55:00-04:00,5735.5,flatten,5779.04,5722.5,26.0,1295.0
IB,SHORT,2024-11-04 11:45:00-05:00,5734.5,2024-11-04 12:45:00-05:00,5751.95,stop,5751.95,5701.75,-17.45,-877.71
IB,SHORT,2024-11-12 10:40:00-05:00,6018.75,2024-11-12 12:20:00-05:00,6003.75,target,6028.88,6003.75,15.0,745.0
IB,SHORT,2024-11-27 10:35:00-05:00,6014.75,2024-11-27 15:55:00-05:00,6015.75,flatten,6028.75,5998.5,-1.0,-55.0
IB,SHORT,2024-12-03 11:40:00-05:00,6048.0,2024-12-03 12:30:00-05:00,6055.38,stop,6055.38,6035.0,-7.38,-373.75
IB,SHORT,2024-12-05 10:35:00-05:00,6091.0,2024-12-05 11:25:00-05:00,6099.0,stop,6099.0,6079.75,-8.0,-405.0
IB,SHORT,2024-12-05 13:20:00-05:00,6092.25,2024-12-05 13:35:00-05:00,6099.0,stop,6099.0,6081.0,-6.75,-342.5
IB,SHORT,2024-12-09 10:35:00-05:00,6079.0,2024-12-09 15:40:00-05:00,6062.0,target,6089.12,6062.0,17.0,845.0
IB,SHORT,2024-12-10 13:20:00-05:00,6060.25,2024-12-10 15:10:00-05:00,6048.25,target,6067.12,6048.25,12.0,595.0
IB,SHORT,2024-12-12 11:55:00-05:00,67.25,2024-12-12 12:00:00-05:00,67.7,stop,67.7,52.25,-0.45,-27.63
IB,SHORT,2024-12-12 14:05:00-05:00,66.85,2024-12-12 14:10:00-05:00,67.3,stop,67.3,51.85,-0.45,-27.57
IB,SHORT,2024-12-19 13:00:00-05:00,5947.75,2024-12-19 13:25:00-05:00,5965.84,stop,5965.84,5903.75,-18.09,-909.7
IB,SHORT,2024-12-31 11:00:00-05:00,5949.75,2024-12-31 12:35:00-05:00,5924.5,target,5967.5,5924.5,25.25,1257.5
IB,SHORT,2025-01-02 11:00:00-05:00,5928.5,2025-01-02 11:20:00-05:00,5946.54,stop,5946.54,5878.25,-18.04,-906.81
IB,SHORT,2025-01-06 13:45:00-05:00,6026.5,2025-01-06 15:55:00-05:00,6022.5,flatten,6044.75,5994.75,4.0,195.0
IB,SHORT,2025-01-07 10:35:00-05:00,5976.25,2025-01-07 10:55:00-05:00,5994.43,stop,5994.43,5918.75,-18.18,-913.98
IB,SHORT,2025-01-14 10:55:00-05:00,5877.25,2025-01-14 12:00:00-05:00,5846.5,target,5894.25,5846.5,30.75,1532.5
IB,SHORT,2025-01-14 14:50:00-05:00,5878.0,2025-01-14 15:55:00-05:00,5882.0,flatten,5894.25,5847.25,-4.0,-205.0
IB,SHORT,2025-01-29 11:35:00-05:00,6070.75,2025-01-29 12:20:00-05:00,6082.88,stop,6082.88,6054.25,-12.12,-611.25
IB,SHORT,2025-01-30 10:50:00-05:00,6072.0,2025-01-30 11:50:00-05:00,6090.47,stop,6090.47,6036.0,-18.47,-928.34
IB,SHORT,2025-02-06 10:35:00-05:00,6088.0,2025-02-06 11:10:00-05:00,6098.5,stop,6098.5,6075.25,-10.5,-530.0
IB,SHORT,2025-02-06 14:25:00-05:00,6089.0,2025-02-06 14:30:00-05:00,6076.25,target,6098.5,6076.25,12.75,632.5
