Date/Time,Open,High,Low,Close,Volume
2025-11-03 06:00:00,5951.5,5951.5,5950.0,5950.75,602
2025-11-03 06:05:00,5951.0,5951.0,5949.0,5950.5,1626
2025-11-03 06:10:00,5949.5,5950.25,5949.25,5949.75,1503
2025-11-03 06:15:00,5949.75,5952.0,5948.25,5950.0,1414
2025-11-03 06:20:00,5947.75,5948.75,5947.5,5948.5,1071
2025-11-03 06:25:00,5950.0,5951.0,5950.0,5950.75,919
2025-11-03 06:30:00,5950.25,5950.25,5948.75,5950.0,2733
2025-11-03 06:35:00,5950.0,5950.0,5948.5,5949.0,856
2025-11-03 06:40:00,5948.5,5950.0,5948.25,5949.0,2918
2025-11-03 06:45:00,5949.25,5951.25,5948.0,5949.25,2228
2025-11-03 06:50:00,5950.0,5950.5,5950.0,5950.25,630
2025-11-03 06:55:00,5948.5,5948.75,5947.5,5948.0,622
2025-11-03 07:00:00,5948.25,5950.25,5948.25,5948.5,883
2025-11-03 07:05:00,5948.0,5948.0,5946.5,5947.5,1395
2025-11-03 07:10:00,5946.75,5946.75,5946.0,5946.25,1452
2025-11-03 07:15:00,5945.0,5945.75,5944.5,5945.5,2569
2025-11-03 07:20:00,5947.25,5948.0,5946.75,5946.75,2965
2025-11-03 07:25:00,5948.0,5948.0,5947.0,5947.25,608
2025-11-03 07:30:00,5947.75,5948.75,5944.75,5947.25,2798
2025-11-03 07:35:00,5946.5,5947.75,5946.5,5947.5,1314
2025-11-03 07:40:00,5947.0,5947.5,5945.75,5947.25,2732
2025-11-03 07:45:00,5946.25,5946.5,5945.0,5946.0,2218
2025-11-03 07:50:00,5945.75,5945.75,5945.25,5945.25,1402
2025-11-03 07:55:00,5943.5,5944.5,5943.5,5944.25,2339
2025-11-03 08:00:00,5944.75,5945.0,5944.75,5944.75,2913
2025-11-03 08:05:00,5942.25,5943.25,5942.25,5942.75,1639
2025-11-03 08:10:00,5942.5,5943.0,5940.5,5942.5,526
2025-11-03 08:15:00,5943.0,5943.0,5941.0,5943.0,1153
2025-11-03 08:20:00,5943.25,5945.5,5942.75,5943.0,2231
2025-11-03 08:25:00,5943.5,5944.25,5941.75,5943.0,1893
2025-11-03 08:30:00,5943.5,5945.25,5942.75,5944.25,1638
2025-11-03 08:35:00,5945.0,5947.5,5944.25,5945.25,1136
2025-11-03 08:40:00,5945.5,5946.0,5944.0,5945.5,1381
2025-11-03 08:45:00,5944.75,5944.75,5943.0,5944.0,1878
2025-11-03 08:50:00,5942.25,5943.0,5942.0,5942.75,918
2025-11-03 08:55:00,5943.0,5944.25,5941.5,5943.0,879
2025-11-03 09:25:00,5943.25,5943.75,5942.75,5943.25,5112
2025-11-03 09:30:00,5943.5,5948.25,5941.25,5944.75,16270
2025-11-03 09:35:00,5946.0,5947.25,5944.25,5945.75,24782
2025-11-03 09:40:00,5946.75,5948.75,5944.25,5946.5,13667
2025-11-03 09:45:00,5949.0,5949.75,5944.75,5947.25,6423
2025-11-03 09:50:00,5949.0,5951.75,5944.75,5948.25,20054
2025-11-03 09:55:00,5948.5,5949.75,5944.75,5947.25,22571
2025-11-03 10:00:00,5946.75,5949.25,5943.25,5946.25,9090
2025-11-03 10:05:00,5947.5,5952.5,5943.0,5947.75,17403
2025-11-03 10:10:00,5946.25,5949.75,5944.25,5947.0,7582
2025-11-03 10:15:00,5947.5,5949.0,5945.5,5947.25,23089
2025-11-03 10:20:00,5950.25,5950.25,5947.75,5948.75,14606
2025-11-03 10:25:00,5949.5,5955.25,5942.25,5948.75,16850
2025-11-03 10:30:00,5953.75,5955.75,5951.25,5953.5,5279
2025-11-03 10:35:00,5955.5,5957.0,5953.5,5955.25,10467
2025-11-03 10:40:00,5957.25,5960.5,5956.5,5958.5,5614
2025-11-03 10:45:00,5959.0,5960.75,5956.75,5958.75,10628
2025-11-03 10:50:00,5958.0,5958.75,5956.75,5957.75,6309
2025-11-03 10:55:00,5957.25,5958.25,5956.25,5957.25,15455
2025-11-03 11:00:00,5956.75,5957.5,5955.0,5956.25,12108
2025-11-03 11:05:00,5957.75,5961.0,5956.5,5958.75,17857
2025-11-03 11:10:00,5958.75,5959.75,5956.75,5958.25,14954
2025-11-03 11:15:00,5960.25,5966.25,5953.25,5959.75,8329
2025-11-03 11:20:00,5962.75,5964.5,5960.0,5962.25,15130
2025-11-03 11:25:00,5962.0,5964.5,5960.5,5962.5,14641
2025-11-03 11:30:00,5963.0,5964.5,5961.5,5963.0,9865
2025-11-03 11:35:00,5967.75,5970.75,5963.75,5967.25,11748
2025-11-03 11:40:00,5966.5,5967.25,5964.25,5965.75,5339
2025-11-03 11:45:00,5966.25,5969.0,5964.5,5966.75,8607
2025-11-03 11:50:00,5968.75,5970.25,5966.75,5968.5,11021
2025-11-03 11:55:00,5970.75,5971.0,5967.5,5969.25,8354
2025-11-03 12:00:00,5971.25,5974.75,5967.25,5971.0,18147
2025-11-03 12:05:00,5970.25,5972.75,5968.75,5970.75,15433
2025-11-03 12:10:00,5972.25,5973.0,5970.0,5971.5,11845
2025-11-03 12:15:00,5970.25,5971.75,5969.25,5970.5,10196
2025-11-03 12:20:00,5970.5,5973.75,5966.75,5970.25,13626
2025-11-03 12:25:00,5970.75,5971.5,5967.0,5969.25,4832
2025-11-03 12:30:00,5971.25,5974.5,5968.5,5971.5,10505
2025-11-03 12:35:00,5974.5,5976.0,5972.5,5974.25,4051
2025-11-03 12:40:00,5976.25,5978.5,5974.0,5976.25,13336
2025-11-03 12:45:00,5972.0,5974.5,5970.0,5972.25,16145
2025-11-03 12:50:00,5970.25,5974.5,5968.0,5971.25,11773
2025-11-03 12:55:00,5972.5,5972.5,5970.5,5971.5,5168
2025-11-03 13:00:00,5970.25,5972.75,5967.75,5970.25,9913
2025-11-03 13:05:00,5969.75,5971.0,5968.0,5969.5,13311
2025-11-03 13:10:00,5969.25,5970.25,5968.75,5969.5,9967
2025-11-03 13:15:00,5971.75,5972.25,5968.75,5970.5,19358
2025-11-03 13:20:00,5968.0,5973.5,5965.5,5969.5,15964
2025-11-03 13:25:00,5970.25,5971.75,5968.25,5970.0,18035
2025-11-03 13:30:00,5969.5,5970.75,5968.75,5969.75,7681
2025-11-03 13:35:00,5970.0,5971.75,5967.75,5969.75,11679
2025-11-03 13:40:00,5969.75,5971.5,5967.5,5969.5,7575
2025-11-03 13:45:00,5971.0,5973.25,5969.75,5971.5,11081
2025-11-03 13:50:00,5972.0,5973.25,5969.75,5971.5,11609
2025-11-03 13:55:00,5973.25,5973.25,5971.25,5972.25,17038
2025-11-03 14:00:00,5972.0,5973.75,5970.75,5972.25,16087
2025-11-03 14:05:00,5973.25,5975.25,5970.25,5972.75,14861
2025-11-03 14:10:00,5974.75,5977.5,5972.0,5974.75,10186
2025-11-03 14:15:00,5976.75,5977.75,5975.25,5976.5,7532
2025-11-03 14:20:00,5977.5,5978.0,5976.0,5977.0,19696
2025-11-03 14:25:00,5975.75,5980.5,5972.5,5976.5,19171
2025-11-03 14:30:00,5976.0,5978.0,5973.0,5975.5,5978
2025-11-03 14:35:00,5977.25,5979.0,5975.5,5977.25,4543
2025-11-03 14:40:00,5976.25,5977.5,5976.0,5976.75,6592
2025-11-03 14:45:00,5978.5,5980.0,5978.0,5979.0,8008
2025-11-03 14:50:00,5978.75,5980.5,5978.0,5979.25,8242
2025-11-03 14:55:00,5979.0,5979.75,5977.75,5978.75,16833
2025-11-03 15:00:00,5979.0,5980.25,5977.25,5978.75,5081
2025-11-03 15:05:00,5977.0,5980.25,5974.75,5977.5,15608
2025-11-03 15:10:00,5979.0,5979.25,5976.75,5978.0,15504
2025-11-03 15:15:00,5980.0,5981.0,5979.0,5980.0,18337
2025-11-03 15:20:00,5979.0,5980.0,5978.5,5979.25,11238
2025-11-03 15:25:00,5981.0,5982.5,5978.5,5980.5,3376
2025-11-03 15:30:00,5983.75,5984.5,5982.5,5983.5,6753
2025-11-03 15:35:00,5985.5,5986.5,5984.0,5985.25,11743
2025-11-03 15:40:00,5985.5,5987.0,5985.0,5986.0,14146
2025-11-03 15:45:00,5987.75,5988.25,5985.25,5986.75,6655
2025-11-03 15:50:00,5988.5,5993.0,5985.0,5989.0,12617
2025-11-03 15:55:00,5992.75,5992.75,5990.0,5991.0,17246
2025-11-04 06:00:00,5988.75,5990.5,5988.75,5989.75,2358
2025-11-04 06:05:00,5989.25,5989.75,5988.75,5989.0,513
2025-11-04 06:10:00,5991.25,5992.75,5991.25,5991.75,1578
2025-11-04 06:15:00,5993.0,5993.75,5990.75,5992.5,2550
2025-11-04 06:20:00,5991.75,5993.5,5990.5,5991.75,1231
2025-11-04 06:25:00,5993.5,5995.0,5993.0,5993.5,2579
2025-11-04 06:30:00,5993.0,5994.0,5993.0,5993.5,935
2025-11-04 06:35:00,5993.5,5993.5,5992.75,5993.25,1722
2025-11-04 06:40:00,5991.75,5993.0,5990.25,5991.5,2579
2025-11-04 06:45:00,5991.0,5992.0,5990.5,5990.5,2994
2025-11-04 06:50:00,5990.5,5992.5,5988.75,5990.5,1314
2025-11-04 06:55:00,5991.5,5992.75,5990.75,5992.0,1126
2025-11-04 07:00:00,5992.5,5994.0,5991.25,5993.0,2031
2025-11-04 07:05:00,5990.75,5990.75,5989.25,5990.0,1161
2025-11-04 07:10:00,5989.25,5991.75,5988.5,5990.0,2709
2025-11-04 07:15:00,5989.0,5990.5,5989.0,5990.0,2672
2025-11-04 07:20:00,5990.0,5991.0,5989.0,5989.75,502
2025-11-04 07:25:00,5988.25,5988.75,5987.25,5988.25,2953
2025-11-04 07:30:00,5989.5,5990.75,5989.25,5989.75,1827
2025-11-04 07:35:00,5988.25,5988.5,5987.5,5988.5,2501
2025-11-04 07:40:00,5986.5,5988.75,5986.5,5986.75,579
2025-11-04 07:45:00,5987.25,5987.25,5986.75,5987.0,958
2025-11-04 07:50:00,5988.0,5988.75,5987.75,5988.25,1986
2025-11-04 07:55:00,5985.5,5986.25,5983.5,5984.75,1759
2025-11-04 08:00:00,5986.0,5986.0,5984.25,5984.5,1480
2025-11-04 08:05:00,5985.5,5986.5,5985.25,5986.25,737
2025-11-04 08:10:00,5986.25,5987.25,5985.0,5986.5,1486
2025-11-04 08:15:00,5985.0,5986.75,5984.0,5985.0,2823
2025-11-04 08:20:00,5988.0,5988.0,5986.5,5987.25,822
2025-11-04 08:25:00,5987.5,5989.0,5987.5,5988.0,850
2025-11-04 08:30:00,5985.25,5987.0,5984.0,5986.0,2490
2025-11-04 08:35:00,5986.5,5987.5,5986.25,5986.75,783
2025-11-04 08:40:00,5985.75,5985.75,5984.75,5985.5,2681
2025-11-04 08:45:00,5985.25,5985.75,5984.5,5985.5,1015
2025-11-04 08:50:00,5986.75,5987.25,5985.75,5986.75,1025
2025-11-04 08:55:00,5987.75,5989.75,5987.5,5988.0,2446
2025-11-04 09:25:00,5988.5,5989.0,5988.0,5988.5,6503
2025-11-04 09:30:00,5985.25,5991.5,5982.5,5987.0,22290
2025-11-04 09:35:00,5985.75,5988.25,5985.25,5986.75,24876
2025-11-04 09:40:00,5987.5,5991.75,5983.25,5987.5,18865
2025-11-04 09:45:00,5985.25,5987.5,5983.0,5985.25,11940
2025-11-04 09:50:00,5984.5,5985.25,5981.75,5983.5,22671
2025-11-04 09:55:00,5981.0,5985.0,5979.5,5982.25,11591
2025-11-04 10:00:00,5980.25,5986.75,5978.75,5982.75,15214
2025-11-04 10:05:00,5981.0,5983.5,5979.0,5981.25,18074
2025-11-04 10:10:00,5981.5,5983.75,5979.25,5981.5,17236
2025-11-04 10:15:00,5981.25,5984.25,5977.75,5981.0,19355
2025-11-04 10:20:00,5980.75,5983.0,5979.5,5981.25,21959
2025-11-04 10:25:00,5979.75,5982.0,5978.5,5980.25,19794
2025-11-04 10:30:00,5978.75,5981.75,5974.25,5978.0,10362
2025-11-04 10:35:00,5976.0,5978.75,5973.75,5976.25,3689
2025-11-04 10:40:00,5969.75,5973.5,5969.0,5971.25,10540
2025-11-04 10:45:00,5971.25,5971.25,5969.25,5970.0,10216
2025-11-04 10:50:00,5970.25,5970.75,5968.75,5969.75,3235
2025-11-04 10:55:00,5966.25,5966.75,5964.75,5965.75,5326
2025-11-04 11:00:00,5963.0,5965.25,5960.25,5962.75,4929
2025-11-04 11:05:00,5963.0,5963.0,5959.5,5961.25,10501
2025-11-04 11:10:00,5960.5,5961.75,5959.75,5960.75,5208
2025-11-04 11:15:00,5958.0,5960.75,5956.75,5958.75,4029
2025-11-04 11:20:00,5958.25,5959.5,5956.5,5958.0,13827
2025-11-04 11:25:00,5957.25,5960.0,5955.5,5957.75,5321
2025-11-04 11:30:00,5956.25,5958.75,5954.25,5956.5,19847
2025-11-04 11:35:00,5955.5,5958.25,5954.25,5956.25,10798
2025-11-04 11:40:00,5957.0,5959.5,5954.0,5956.75,12125
2025-11-04 11:45:00,5957.75,5960.75,5956.75,5958.75,18906
2025-11-04 11:50:00,5955.75,5958.25,5952.25,5955.25,10020
2025-11-04 11:55:00,5953.5,5955.5,5953.0,5954.25,7335
2025-11-04 12:00:00,5957.0,5958.0,5956.0,5957.0,18488
2025-11-04 12:05:00,5957.5,5958.75,5955.75,5957.25,10962
2025-11-04 12:10:00,5956.75,5956.75,5953.75,5955.25,18498
2025-11-04 12:15:00,5956.0,5959.75,5953.25,5956.5,16338
2025-11-04 12:20:00,5954.25,5955.25,5953.25,5954.25,9239
2025-11-04 12:25:00,5956.25,5958.25,5951.75,5955.0,6090
2025-11-04 12:30:00,5953.25,5955.5,5952.5,5954.0,6176
2025-11-04 12:35:00,5950.75,5952.75,5948.75,5950.75,17124
2025-11-04 12:40:00,5947.75,5950.75,5945.25,5948.0,14609
2025-11-04 12:45:00,5948.5,5951.0,5948.5,5949.75,16879
2025-11-04 12:50:00,5946.5,5949.75,5946.5,5948.5,16470
2025-11-04 12:55:00,5948.0,5948.5,5946.5,5947.5,18303
2025-11-04 13:00:00,5949.25,5952.0,5947.0,5949.5,4775
2025-11-04 13:05:00,5947.0,5951.5,5942.5,5947.0,6224
2025-11-04 13:10:00,5946.5,5947.0,5945.5,5946.25,4986
2025-11-04 13:15:00,5944.75,5946.75,5943.75,5945.25,16193
2025-11-04 13:20:00,5944.0,5946.0,5943.0,5944.5,14118
2025-11-04 13:25:00,5945.0,5945.0,5942.5,5943.75,6580
2025-11-04 13:30:00,5940.0,5941.5,5936.5,5939.0,11147
2025-11-04 13:35:00,5934.75,5936.25,5933.75,5935.0,9278
2025-11-04 13:40:00,5931.25,5934.0,5930.0,5932.0,9232
2025-11-04 13:45:00,5934.75,5936.0,5931.5,5933.75,17700
2025-11-04 13:50:00,5933.5,5936.5,5931.5,5934.0,7593
2025-11-04 13:55:00,5934.5,5936.5,5931.5,5934.0,16824
2025-11-04 14:00:00,5933.25,5934.0,5931.5,5932.75,9012
2025-11-04 14:05:00,5933.25,5933.75,5931.25,5932.5,12127
2025-11-04 14:10:00,5930.5,5931.75,5928.25,5930.0,18159
2025-11-04 14:15:00,5927.75,5930.0,5927.5,5928.75,11185
2025-11-04 14:20:00,5928.75,5930.25,5928.25,5929.25,5470
2025-11-04 14:25:00,5929.0,5931.75,5928.25,5930.0,17520
2025-11-04 14:30:00,5925.75,5928.5,5925.0,5926.75,6208
2025-11-04 14:35:00,5929.75,5932.25,5924.75,5928.5,4657
2025-11-04 14:40:00,5927.5,5929.0,5927.0,5928.0,3483
2025-11-04 14:45:00,5928.5,5928.5,5927.0,5927.75,6056
2025-11-04 14:50:00,5926.75,5928.0,5926.0,5927.0,10745
2025-11-04 14:55:00,5924.75,5927.25,5924.75,5926.0,8449
2025-11-04 15:00:00,5923.5,5925.0,5921.5,5923.25,16317
2025-11-04 15:05:00,5922.5,5923.0,5921.5,5922.25,18913
2025-11-04 15:10:00,5921.0,5922.75,5918.75,5920.75,18773
2025-11-04 15:15:00,5917.25,5919.75,5917.25,5918.5,10004
2025-11-04 15:20:00,5919.5,5920.75,5917.75,5919.25,16141
2025-11-04 15:25:00,5920.75,5923.25,5916.75,5920.0,4921
2025-11-04 15:30:00,5916.0,5919.25,5913.75,5916.5,8394
2025-11-04 15:35:00,5915.25,5917.25,5914.25,5915.75,15418
2025-11-04 15:40:00,5914.75,5917.25,5913.25,5915.25,3070
2025-11-04 15:45:00,5911.25,5914.5,5910.0,5912.25,15793
2025-11-04 15:50:00,5909.25,5912.25,5907.75,5910.0,11690
2025-11-04 15:55:00,5913.5,5914.75,5911.75,5913.25,17909
2025-11-05 06:00:00,5912.0,5912.75,5911.5,5912.0,2232
2025-11-05 06:05:00,5915.5,5915.75,5914.5,5915.75,2776
2025-11-05 06:10:00,5916.75,5917.5,5915.0,5915.75,2493
2025-11-05 06:15:00,5917.25,5917.25,5916.0,5916.75,1134
2025-11-05 06:20:00,5917.75,5919.25,5917.0,5917.75,1277
2025-11-05 06:25:00,5917.0,5918.25,5917.0,5917.75,1715
2025-11-05 06:30:00,5918.75,5918.75,5917.75,5918.25,1391
2025-11-05 06:35:00,5918.75,5920.0,5918.75,5919.5,739
2025-11-05 06:40:00,5919.5,5920.5,5919.5,5920.25,2872
2025-11-05 06:45:00,5919.0,5919.75,5918.75,5918.75,2720
2025-11-05 06:50:00,5918.5,5918.75,5917.75,5918.75,749
2025-11-05 06:55:00,5918.75,5919.5,5918.5,5919.0,1784
2025-11-05 07:00:00,5918.75,5919.75,5918.0,5919.25,734
2025-11-05 07:05:00,5919.0,5919.5,5917.5,5919.0,705
2025-11-05 07:10:00,5921.0,5922.0,5920.25,5920.5,2892
2025-11-05 07:15:00,5921.25,5921.5,5920.0,5920.5,2452
2025-11-05 07:20:00,5924.75,5924.75,5923.5,5924.0,2559
2025-11-05 07:25:00,5926.0,5926.75,5925.75,5926.25,2675
2025-11-05 07:30:00,5923.75,5925.25,5923.25,5924.25,1144
2025-11-05 07:35:00,5923.75,5924.5,5922.75,5924.25,732
2025-11-05 07:40:00,5926.0,5926.0,5925.75,5925.75,2580
2025-11-05 07:45:00,5924.25,5924.5,5923.75,5924.0,828
2025-11-05 07:50:00,5924.25,5927.0,5923.75,5924.5,1261
2025-11-05 07:55:00,5924.0,5924.0,5922.75,5923.5,780
2025-11-05 08:00:00,5926.0,5926.25,5925.0,5925.75,2937
2025-11-05 08:05:00,5924.25,5925.75,5924.25,5925.0,778
2025-11-05 08:10:00,5927.0,5929.0,5926.75,5927.25,1463
2025-11-05 08:15:00,5928.75,5928.75,5927.0,5927.75,2153
2025-11-05 08:20:00,5927.25,5928.25,5926.0,5927.5,991
2025-11-05 08:25:00,5927.5,5929.25,5927.0,5927.5,2833
2025-11-05 08:30:00,5927.25,5928.75,5925.0,5927.5,1508
2025-11-05 08:35:00,5927.75,5927.75,5926.0,5926.75,2871
2025-11-05 08:40:00,5928.25,5928.25,5927.25,5927.75,2935
2025-11-05 08:45:00,5929.5,5929.5,5928.0,5929.0,662
2025-11-05 08:50:00,5931.0,5931.75,5930.75,5931.0,835
2025-11-05 08:55:00,5932.5,5933.5,5932.5,5932.75,2217
2025-11-05 09:25:00,5932.75,5933.25,5932.25,5932.75,7385
2025-11-05 09:30:00,5936.75,5938.25,5935.25,5936.75,22130
2025-11-05 09:35:00,5933.25,5935.0,5930.0,5932.5,15366
2025-11-05 09:40:00,5939.5,5940.75,5937.75,5939.25,13544
2025-11-05 09:45:00,5940.0,5944.25,5935.75,5940.0,11693
2025-11-05 09:50:00,5941.25,5943.25,5938.75,5941.0,15295
2025-11-05 09:55:00,5940.5,5941.0,5938.0,5939.5,12821
2025-11-05 10:00:00,5935.5,5937.5,5935.0,5936.25,13703
2025-11-05 10:05:00,5939.5,5944.0,5936.0,5940.0,17969
2025-11-05 10:10:00,5941.25,5945.5,5937.0,5941.25,9288
2025-11-05 10:15:00,5938.0,5944.25,5934.75,5939.5,14830
2025-11-05 10:20:00,5932.0,5934.5,5930.5,5932.5,19982
2025-11-05 10:25:00,5929.5,5931.75,5926.75,5929.25,15360
2025-11-05 10:30:00,5929.0,5931.0,5925.5,5928.25,5377
2025-11-05 10:35:00,5931.25,5931.25,5928.75,5929.75,3305
2025-11-05 10:40:00,5927.25,5930.75,5924.75,5927.75,18017
2025-11-05 10:45:00,5927.75,5929.0,5927.0,5928.0,6276
2025-11-05 10:50:00,5930.0,5931.75,5926.25,5929.0,5400
2025-11-05 10:55:00,5929.25,5931.5,5926.5,5929.0,9984
2025-11-05 11:00:00,5930.5,5931.75,5928.75,5930.25,19576
2025-11-05 11:05:00,5932.0,5934.5,5929.0,5931.75,11690
2025-11-05 11:10:00,5934.25,5934.25,5932.25,5933.25,7340
2025-11-05 11:15:00,5932.0,5935.5,5928.5,5932.0,14436
2025-11-05 11:20:00,5928.75,5930.25,5928.25,5929.25,5254
2025-11-05 11:25:00,5931.0,5933.0,5929.5,5931.25,11004
2025-11-05 11:30:00,5925.75,5929.0,5925.75,5927.5,15108
2025-11-05 11:35:00,5925.0,5926.5,5922.5,5924.5,12338
2025-11-05 11:40:00,5925.75,5928.0,5923.5,5925.75,8169
2025-11-05 11:45:00,5927.25,5928.5,5923.5,5926.0,17358
2025-11-05 11:50:00,5928.0,5929.0,5927.0,5928.0,12912
2025-11-05 11:55:00,5928.5,5932.5,5925.0,5928.75,3256
2025-11-05 12:00:00,5927.25,5929.75,5925.25,5927.5,12810
2025-11-05 12:05:00,5930.75,5933.0,5929.5,5931.25,6394
2025-11-05 12:10:00,5933.25,5935.25,5929.75,5932.5,7400
2025-11-05 12:15:00,5933.25,5934.5,5931.0,5932.75,11666
2025-11-05 12:20:00,5934.25,5935.75,5931.75,5933.75,6782
2025-11-05 12:25:00,5937.0,5937.5,5934.5,5936.0,6507
2025-11-05 12:30:00,5936.0,5940.25,5932.75,5936.5,8093
2025-11-05 12:35:00,5939.5,5941.0,5939.0,5940.0,11924
2025-11-05 12:40:00,5939.25,5940.25,5937.75,5939.0,12232
2025-11-05 12:45:00,5940.0,5941.5,5938.5,5940.0,9901
2025-11-05 12:50:00,5944.5,5947.5,5941.0,5944.25,14235
2025-11-05 12:55:00,5944.5,5945.0,5943.0,5944.0,9671
2025-11-05 13:00:00,5940.5,5943.0,5940.5,5941.75,11650
2025-11-05 13:05:00,5942.25,5944.25,5940.75,5942.5,19561
2025-11-05 13:10:00,5944.5,5948.0,5943.0,5945.5,19008
2025-11-05 13:15:00,5947.0,5948.0,5943.5,5945.75,11228
2025-11-05 13:20:00,5944.5,5946.75,5942.25,5944.5,4664
2025-11-05 13:25:00,5944.5,5946.0,5942.0,5944.0,6024
2025-11-05 13:30:00,5941.5,5943.5,5937.5,5940.5,16879
2025-11-05 13:35:00,5939.25,5940.25,5937.75,5939.0,12066
2025-11-05 13:40:00,5939.0,5941.0,5938.0,5939.5,4444
2025-11-05 13:45:00,5939.75,5941.75,5936.75,5939.25,3116
2025-11-05 13:50:00,5936.25,5940.5,5936.25,5938.5,13929
2025-11-05 13:55:00,5940.5,5944.0,5937.5,5940.75,7286
2025-11-05 14:00:00,5939.0,5941.0,5935.5,5938.25,11583
2025-11-05 14:05:00,5937.25,5938.5,5936.0,5937.25,8294
2025-11-05 14:10:00,5937.25,5939.0,5937.25,5938.25,17478
2025-11-05 14:15:00,5939.0,5941.75,5938.75,5940.25,17014
2025-11-05 14:20:00,5940.0,5942.25,5936.25,5939.25,3316
2025-11-05 14:25:00,5938.25,5939.75,5937.25,5938.5,6665
2025-11-05 14:30:00,5942.75,5943.75,5941.25,5942.5,5465
2025-11-05 14:35:00,5944.0,5945.25,5943.25,5944.25,7884
2025-11-05 14:40:00,5943.5,5944.25,5942.75,5943.5,4180
2025-11-05 14:45:00,5945.25,5945.5,5944.0,5944.75,15098
2025-11-05 14:50:00,5942.75,5945.0,5942.75,5944.25,7852
2025-11-05 14:55:00,5946.5,5947.0,5944.5,5945.75,17083
2025-11-05 15:00:00,5939.75,5943.75,5935.75,5939.75,7176
2025-11-05 15:05:00,5942.25,5944.0,5939.5,5941.75,4370
2025-11-05 15:10:00,5941.0,5941.25,5937.75,5939.5,13101
2025-11-05 15:15:00,5939.75,5940.0,5938.0,5939.0,14948
2025-11-05 15:20:00,5940.25,5941.0,5939.0,5940.0,4307
2025-11-05 15:25:00,5945.0,5945.5,5944.0,5944.75,14724
2025-11-05 15:30:00,5947.5,5949.0,5944.0,5946.5,9883
2025-11-05 15:35:00,5948.75,5950.0,5945.0,5947.5,11176
2025-11-05 15:40:00,5944.25,5946.0,5943.5,5944.75,6368
2025-11-05 15:45:00,5944.5,5945.5,5943.0,5944.25,14589
2025-11-05 15:50:00,5945.0,5948.0,5941.5,5944.75,16316
2025-11-05 15:55:00,5945.0,5946.25,5941.75,5944.0,8064
2025-11-06 06:00:00,5942.0,5942.75,5941.5,5942.25,1165
2025-11-06 06:05:00,5944.25,5944.5,5944.0,5944.25,1225
2025-11-06 06:10:00,5945.0,5945.25,5942.75,5944.25,2188
2025-11-06 06:15:00,5942.75,5944.0,5940.75,5943.0,601
2025-11-06 06:20:00,5940.75,5942.75,5940.0,5941.0,1234
2025-11-06 06:25:00,5943.25,5945.5,5943.25,5944.5,1860
2025-11-06 06:30:00,5948.5,5949.5,5946.25,5948.0,2186
2025-11-06 06:35:00,5952.0,5953.25,5951.25,5951.75,1516
2025-11-06 06:40:00,5953.0,5953.75,5952.75,5953.0,1592
2025-11-06 06:45:00,5952.25,5953.75,5952.25,5953.0,1152
2025-11-06 06:50:00,5952.75,5953.75,5951.75,5952.75,942
2025-11-06 06:55:00,5954.25,5955.75,5953.25,5954.75,2066
2025-11-06 07:00:00,5956.5,5957.25,5956.0,5956.25,658
2025-11-06 07:05:00,5954.5,5954.75,5953.5,5954.75,2427
2025-11-06 07:10:00,5955.25,5956.75,5954.75,5955.25,1411
2025-11-06 07:15:00,5956.0,5956.25,5954.75,5956.0,1317
2025-11-06 07:20:00,5955.25,5955.25,5954.75,5955.25,2385
2025-11-06 07:25:00,5954.5,5956.0,5954.5,5955.25,1932
2025-11-06 07:30:00,5957.5,5959.0,5957.0,5957.75,1750
2025-11-06 07:35:00,5958.75,5959.25,5957.75,5959.0,1432
2025-11-06 07:40:00,5959.0,5960.25,5957.25,5959.5,1413
2025-11-06 07:45:00,5960.0,5960.75,5959.5,5960.0,596
2025-11-06 07:50:00,5960.25,5960.25,5959.5,5959.75,1291
2025-11-06 07:55:00,5963.0,5963.5,5961.75,5963.0,2132
2025-11-06 08:00:00,5967.5,5967.5,5965.0,5966.75,1844
2025-11-06 08:05:00,5965.75,5966.5,5964.25,5966.0,1641
2025-11-06 08:10:00,5965.5,5966.25,5964.75,5965.75,784
2025-11-06 08:15:00,5964.0,5964.0,5963.25,5964.0,1643
2025-11-06 08:20:00,5960.75,5962.0,5960.75,5961.75,1938
2025-11-06 08:25:00,5963.0,5963.5,5961.0,5962.25,2586
2025-11-06 08:30:00,5963.25,5963.75,5963.0,5963.0,2137
2025-11-06 08:35:00,5963.0,5963.5,5962.0,5963.0,2696
2025-11-06 08:40:00,5960.75,5961.0,5960.0,5961.0,1856
2025-11-06 08:45:00,5962.25,5963.75,5962.25,5962.75,613
2025-11-06 08:50:00,5963.5,5963.5,5962.0,5962.25,972
2025-11-06 08:55:00,5962.75,5963.0,5962.5,5962.75,1569
2025-11-06 09:25:00,5962.5,5963.0,5962.0,5962.5,3462
2025-11-06 09:30:00,5963.0,5966.75,5960.75,5963.75,13698
2025-11-06 09:35:00,5960.75,5965.0,5955.5,5960.25,6253
2025-11-06 09:40:00,5957.75,5962.5,5952.0,5957.25,8552
2025-11-06 09:45:00,5963.25,5963.5,5961.5,5962.5,24548
2025-11-06 09:50:00,5963.25,5963.5,5961.0,5962.25,19239
2025-11-06 09:55:00,5961.25,5962.5,5959.5,5961.0,16327
2025-11-06 10:00:00,5958.75,5962.0,5956.0,5959.0,15278
2025-11-06 10:05:00,5955.75,5958.75,5954.75,5956.75,19299
2025-11-06 10:10:00,5957.25,5957.25,5955.25,5956.25,24864
2025-11-06 10:15:00,5957.75,5958.0,5956.0,5957.0,21758
2025-11-06 10:20:00,5959.75,5961.75,5957.75,5959.75,8789
2025-11-06 10:25:00,5956.0,5959.5,5953.0,5956.25,17622
2025-11-06 10:30:00,5949.5,5950.5,5948.5,5949.5,9228
2025-11-06 10:35:00,5950.0,5950.5,5949.0,5949.75,17288
2025-11-06 10:40:00,5949.25,5953.75,5946.25,5950.0,9456
2025-11-06 10:45:00,5949.5,5951.5,5946.5,5949.0,14934
2025-11-06 10:50:00,5950.25,5953.0,5948.0,5950.5,17132
2025-11-06 10:55:00,5951.75,5953.0,5951.0,5952.0,5292
2025-11-06 11:00:00,5950.0,5951.5,5949.0,5950.25,13819
2025-11-06 11:05:00,5949.75,5950.75,5948.75,5949.75,13286
2025-11-06 11:10:00,5950.25,5952.0,5947.0,5949.5,7083
2025-11-06 11:15:00,5947.25,5951.0,5942.0,5946.5,12840
2025-11-06 11:20:00,5942.75,5944.75,5942.75,5943.75,19617
2025-11-06 11:25:00,5940.75,5941.75,5938.75,5940.25,13134
2025-11-06 11:30:00,5938.0,5943.25,5933.75,5938.5,16382
2025-11-06 11:35:00,5938.5,5941.25,5935.25,5938.25,13688
2025-11-06 11:40:00,5937.5,5939.0,5936.0,5937.5,16185
2025-11-06 11:45:00,5935.25,5937.75,5932.75,5935.25,12688
2025-11-06 11:50:00,5934.25,5936.75,5932.25,5934.5,7170
2025-11-06 11:55:00,5933.5,5933.5,5931.25,5932.25,9286
2025-11-06 12:00:00,5930.5,5932.75,5926.25,5929.5,16777
2025-11-06 12:05:00,5929.25,5930.25,5926.75,5928.5,15423
2025-11-06 12:10:00,5927.25,5930.25,5923.25,5926.75,8702
2025-11-06 12:15:00,5924.75,5929.25,5921.25,5925.25,12861
2025-11-06 12:20:00,5926.5,5926.75,5924.25,5925.5,16306
2025-11-06 12:25:00,5926.5,5927.75,5926.25,5927.0,3013
2025-11-06 12:30:00,5928.5,5928.75,5925.25,5927.0,12957
2025-11-06 12:35:00,5926.75,5927.75,5925.25,5926.5,12401
2025-11-06 12:40:00,5924.75,5926.0,5921.5,5923.75,9887
2025-11-06 12:45:00,5922.5,5924.25,5919.75,5922.0,17086
2025-11-06 12:50:00,5923.75,5924.75,5921.25,5923.0,13559
2025-11-06 12:55:00,5922.25,5924.0,5918.0,5921.0,18236
2025-11-06 13:00:00,5920.75,5921.0,5918.5,5919.75,17476
2025-11-06 13:05:00,5921.25,5921.25,5918.25,5919.75,17488
2025-11-06 13:10:00,5918.0,5920.25,5915.75,5918.0,10002
2025-11-06 13:15:00,5918.0,5920.5,5914.5,5917.5,19750
2025-11-06 13:20:00,5917.25,5919.75,5915.25,5917.5,18505
2025-11-06 13:25:00,5914.0,5917.75,5913.25,5915.5,8560
2025-11-06 13:30:00,5917.5,5920.25,5915.25,5917.75,5778
2025-11-06 13:35:00,5917.0,5917.75,5915.25,5916.5,12299
2025-11-06 13:40:00,5916.75,5918.5,5915.5,5917.0,19890
2025-11-06 13:45:00,5917.75,5917.75,5915.5,5916.5,13983
2025-11-06 13:50:00,5917.0,5918.25,5914.75,5916.5,6060
2025-11-06 13:55:00,5916.5,5918.5,5916.5,5917.5,10696
2025-11-06 14:00:00,5916.75,5919.0,5915.5,5917.25,13171
2025-11-06 14:05:00,5917.25,5919.75,5914.75,5917.25,10361
2025-11-06 14:10:00,5917.25,5920.25,5913.75,5917.0,9525
2025-11-06 14:15:00,5918.75,5921.5,5918.5,5920.0,7828
2025-11-06 14:20:00,5921.25,5921.5,5919.0,5920.25,3800
2025-11-06 14:25:00,5919.5,5921.5,5919.5,5920.5,4514
2025-11-06 14:30:00,5919.0,5921.5,5917.5,5919.5,11023
2025-11-06 14:35:00,5919.75,5922.75,5916.25,5919.5,18569
2025-11-06 14:40:00,5918.0,5918.5,5915.5,5917.0,5386
2025-11-06 14:45:00,5915.25,5916.25,5914.25,5915.25,17923
2025-11-06 14:50:00,5913.25,5915.0,5911.5,5913.25,16580
2025-11-06 14:55:00,5912.75,5915.0,5911.0,5913.0,9371
2025-11-06 15:00:00,5914.5,5914.5,5912.0,5913.25,15582
2025-11-06 15:05:00,5912.5,5912.75,5910.75,5911.75,19199
2025-11-06 15:10:00,5907.5,5912.25,5905.25,5908.75,16095
2025-11-06 15:15:00,5911.75,5911.75,5908.25,5909.75,10994
2025-11-06 15:20:00,5909.25,5909.25,5907.0,5908.0,7835
2025-11-06 15:25:00,5911.25,5914.0,5906.5,5910.25,3181
2025-11-06 15:30:00,5911.5,5912.75,5909.25,5911.0,6492
2025-11-06 15:35:00,5909.25,5911.25,5907.25,5909.25,16931
2025-11-06 15:40:00,5908.75,5909.75,5906.75,5908.25,10170
2025-11-06 15:45:00,5910.0,5910.0,5908.0,5909.0,8763
2025-11-06 15:50:00,5906.0,5907.5,5905.5,5906.5,19972
2025-11-06 15:55:00,5903.0,5903.75,5902.25,5903.0,18222
2025-11-07 06:00:00,5906.25,5906.25,5904.25,5905.25,2783
2025-11-07 06:05:00,5906.5,5907.5,5906.5,5907.0,1520
2025-11-07 06:10:00,5907.25,5907.5,5904.5,5906.5,997
2025-11-07 06:15:00,5904.75,5906.75,5904.75,5905.75,2369
2025-11-07 06:20:00,5905.5,5906.5,5905.5,5906.25,1046
2025-11-07 06:25:00,5905.5,5907.5,5905.5,5907.0,2403
2025-11-07 06:30:00,5906.75,5908.75,5905.25,5907.0,2675
2025-11-07 06:35:00,5906.25,5906.5,5905.0,5906.0,2789
2025-11-07 06:40:00,5907.25,5908.5,5907.25,5907.25,2938
2025-11-07 06:45:00,5906.25,5906.75,5905.75,5906.0,1799
2025-11-07 06:50:00,5907.0,5908.0,5905.75,5907.25,2312
2025-11-07 06:55:00,5907.75,5908.0,5904.75,5907.25,2567
2025-11-07 07:00:00,5908.5,5908.5,5908.25,5908.25,2247
2025-11-07 07:05:00,5905.25,5906.5,5905.25,5906.0,2744
2025-11-07 07:10:00,5906.5,5907.75,5906.0,5906.5,2326
2025-11-07 07:15:00,5903.5,5905.25,5903.25,5904.0,1151
2025-11-07 07:20:00,5904.25,5905.5,5903.25,5904.25,2444
2025-11-07 07:25:00,5904.75,5905.75,5904.75,5905.0,2343
2025-11-07 07:30:00,5902.25,5903.75,5902.25,5903.75,1561
2025-11-07 07:35:00,5904.0,5905.5,5902.25,5904.5,1512
2025-11-07 07:40:00,5905.25,5907.5,5905.25,5905.5,1635
2025-11-07 07:45:00,5904.75,5906.5,5904.5,5905.25,2635
2025-11-07 07:50:00,5905.25,5905.5,5904.5,5904.5,2484
2025-11-07 07:55:00,5904.25,5905.25,5904.25,5905.0,1479
2025-11-07 08:00:00,5907.75,5907.75,5906.0,5906.25,1624
2025-11-07 08:05:00,5907.25,5907.5,5906.25,5906.75,2301
2025-11-07 08:10:00,5906.75,5908.5,5906.0,5907.0,817
2025-11-07 08:15:00,5910.5,5910.75,5909.25,5909.75,1670
2025-11-07 08:20:00,5909.25,5910.5,5909.25,5909.75,1460
2025-11-07 08:25:00,5908.5,5909.75,5908.5,5908.75,1612
2025-11-07 08:30:00,5906.75,5907.75,5905.25,5907.25,1875
2025-11-07 08:35:00,5907.5,5908.75,5907.25,5907.25,1809
2025-11-07 08:40:00,5906.25,5906.25,5905.5,5905.75,2712
2025-11-07 08:45:00,5907.75,5910.0,5907.0,5907.5,830
2025-11-07 08:50:00,5907.5,5908.0,5907.5,5907.75,1066
2025-11-07 08:55:00,5908.5,5909.25,5907.0,5908.0,1117
2025-11-07 09:25:00,5909.25,5909.75,5908.75,5909.25,3894
2025-11-07 09:30:00,5909.0,5914.75,5904.25,5909.5,10007
2025-11-07 09:35:00,5911.5,5913.5,5911.5,5912.5,12010
2025-11-07 09:40:00,5912.5,5914.75,5909.25,5912.0,7104
2025-11-07 09:45:00,5911.5,5913.75,5910.25,5912.0,18594
2025-11-07 09:50:00,5910.25,5914.75,5906.25,5910.5,18356
2025-11-07 09:55:00,5914.25,5917.25,5909.25,5913.25,15842
2025-11-07 10:00:00,5912.75,5914.5,5911.0,5912.75,22780
2025-11-07 10:05:00,5910.0,5913.0,5909.5,5911.25,20267
2025-11-07 10:10:00,5914.25,5916.0,5912.0,5914.0,18624
2025-11-07 10:15:00,5915.5,5916.5,5913.5,5915.0,7040
2025-11-07 10:20:00,5913.25,5917.25,5911.75,5914.5,11777
2025-11-07 10:25:00,5914.25,5920.25,5910.25,5915.25,18767
2025-11-07 10:30:00,5919.25,5920.5,5917.5,5919.0,3640
2025-11-07 10:35:00,5924.25,5925.25,5922.25,5923.75,15464
2025-11-07 10:40:00,5925.75,5927.25,5924.75,5926.0,14526
2025-11-07 10:45:00,5927.75,5931.25,5924.25,5927.75,12784
2025-11-07 10:50:00,5927.0,5929.5,5924.5,5927.0,15779
2025-11-07 10:55:00,5924.0,5926.5,5922.5,5924.5,16730
2025-11-07 11:00:00,5925.5,5926.5,5924.0,5925.25,10226
2025-11-07 11:05:00,5927.5,5928.5,5925.5,5927.0,18998
2025-11-07 11:10:00,5928.0,5929.25,5925.75,5927.5,10190
2025-11-07 11:15:00,5926.5,5929.5,5924.5,5927.0,11943
2025-11-07 11:20:00,5930.5,5930.5,5927.75,5929.0,17281
2025-11-07 11:25:00,5929.5,5930.75,5928.25,5929.5,18913
2025-11-07 11:30:00,5928.5,5931.75,5927.75,5929.75,3951
2025-11-07 11:35:00,5929.75,5931.25,5926.75,5929.0,15742
2025-11-07 11:40:00,5932.0,5933.25,5931.25,5932.25,14014
2025-11-07 11:45:00,5932.5,5935.75,5930.75,5933.25,16248
2025-11-07 11:50:00,5935.0,5936.75,5932.25,5934.5,8408
2025-11-07 11:55:00,5933.5,5937.75,5933.25,5935.5,18315
2025-11-07 12:00:00,5936.0,5939.0,5935.5,5937.25,7182
2025-11-07 12:05:00,5938.75,5941.5,5936.0,5938.75,3883
2025-11-07 12:10:00,5942.0,5944.25,5937.75,5941.0,15911
2025-11-07 12:15:00,5944.25,5946.0,5942.5,5944.25,3888
2025-11-07 12:20:00,5942.0,5943.75,5941.75,5942.75,5750
2025-11-07 12:25:00,5946.75,5947.75,5945.75,5946.75,17044
2025-11-07 12:30:00,5949.75,5949.75,5947.75,5948.5,7446
2025-11-07 12:35:00,5947.75,5949.25,5947.25,5948.25,18128
2025-11-07 12:40:00,5947.0,5948.75,5945.25,5947.0,8954
2025-11-07 12:45:00,5946.25,5949.0,5945.5,5947.25,4647
2025-11-07 12:50:00,5948.5,5951.0,5945.0,5948.0,11524
2025-11-07 12:55:00,5948.75,5952.0,5946.0,5949.0,15422
2025-11-07 13:00:00,5949.75,5950.0,5947.5,5948.75,13726
2025-11-07 13:05:00,5946.75,5947.75,5945.75,5946.75,9935
2025-11-07 13:10:00,5948.0,5949.5,5947.5,5948.5,17899
2025-11-07 13:15:00,5949.5,5950.75,5946.75,5948.75,13710
2025-11-07 13:20:00,5949.5,5953.0,5946.0,5949.5,14059
2025-11-07 13:25:00,5948.0,5952.25,5946.25,5949.25,15423
2025-11-07 13:30:00,5948.25,5949.0,5946.5,5947.75,12117
2025-11-07 13:35:00,5946.0,5948.25,5944.25,5946.25,16813
2025-11-07 13:40:00,5948.0,5950.5,5944.0,5947.25,11266
2025-11-07 13:45:00,5946.25,5949.75,5945.75,5947.75,5683
2025-11-07 13:50:00,5946.75,5948.5,5946.5,5947.5,18411
2025-11-07 13:55:00,5947.75,5948.75,5947.25,5948.0,3635
2025-11-07 14:00:00,5948.0,5948.75,5946.75,5947.75,4706
2025-11-07 14:05:00,5947.0,5949.75,5944.25,5947.0,14467
2025-11-07 14:10:00,5948.0,5949.5,5946.0,5947.75,10347
2025-11-07 14:15:00,5949.5,5951.25,5948.75,5950.0,5248
2025-11-07 14:20:00,5951.25,5953.75,5948.75,5951.25,4319
2025-11-07 14:25:00,5952.0,5953.0,5951.0,5952.0,4016
2025-11-07 14:30:00,5950.0,5951.5,5948.5,5950.0,11102
2025-11-07 14:35:00,5952.0,5953.25,5948.75,5951.0,9532
2025-11-07 14:40:00,5950.75,5952.75,5948.25,5950.5,3667
2025-11-07 14:45:00,5949.25,5953.75,5946.75,5950.25,7993
2025-11-07 14:50:00,5952.0,5954.75,5950.25,5952.5,10816
2025-11-07 14:55:00,5955.75,5956.75,5954.25,5955.5,7136
2025-11-07 15:00:00,5957.25,5957.75,5955.75,5956.75,18517
2025-11-07 15:05:00,5959.75,5962.0,5955.5,5958.75,6748
2025-11-07 15:10:00,5957.75,5959.25,5954.75,5957.0,10142
2025-11-07 15:15:00,5955.5,5957.5,5955.0,5956.25,18238
2025-11-07 15:20:00,5957.25,5958.0,5955.5,5956.75,11396
2025-11-07 15:25:00,5959.0,5962.25,5956.75,5959.5,15087
2025-11-07 15:30:00,5959.5,5963.25,5956.75,5960.0,8498
2025-11-07 15:35:00,5961.25,5965.5,5959.0,5962.25,6753
2025-11-07 15:40:00,5962.5,5963.0,5961.5,5962.25,8366
2025-11-07 15:45:00,5961.5,5963.25,5960.25,5961.75,13192
2025-11-07 15:50:00,5962.5,5964.0,5961.0,5962.5,6542
2025-11-07 15:55:00,5962.75,5963.75,5961.75,5962.75,3841
2025-11-10 06:00:00,5962.5,5962.5,5960.75,5962.25,2858
2025-11-10 06:05:00,5962.25,5962.5,5961.5,5961.75,2037
2025-11-10 06:10:00,5961.5,5962.25,5961.5,5962.25,2124
2025-11-10 06:15:00,5961.25,5961.75,5960.25,5960.5,1312
2025-11-10 06:20:00,5962.75,5964.5,5962.75,5963.75,811
2025-11-10 06:25:00,5963.0,5963.75,5962.5,5963.0,2925
2025-11-10 06:30:00,5961.75,5964.25,5961.5,5962.25,1494
2025-11-10 06:35:00,5961.25,5964.5,5961.25,5962.5,917
2025-11-10 06:40:00,5961.5,5963.0,5960.0,5962.0,1735
2025-11-10 06:45:00,5964.0,5964.0,5962.75,5962.75,2959
2025-11-10 06:50:00,5961.0,5961.0,5960.0,5960.5,995
2025-11-10 06:55:00,5961.0,5961.0,5960.25,5960.75,2818
2025-11-10 07:00:00,5960.5,5960.75,5960.0,5960.25,668
2025-11-10 07:05:00,5959.25,5961.5,5959.25,5960.25,1922
2025-11-10 07:10:00,5962.0,5963.25,5961.5,5962.25,2682
2025-11-10 07:15:00,5964.75,5966.5,5961.0,5964.25,2254
2025-11-10 07:20:00,5964.75,5964.75,5964.25,5964.5,2017
2025-11-10 07:25:00,5965.5,5966.0,5965.5,5965.5,782
2025-11-10 07:30:00,5965.5,5965.5,5964.0,5965.25,2572
2025-11-10 07:35:00,5960.75,5961.5,5960.5,5960.75,1897
2025-11-10 07:40:00,5959.75,5961.25,5959.25,5960.25,551
2025-11-10 07:45:00,5960.5,5961.75,5959.25,5960.75,2220
2025-11-10 07:50:00,5962.25,5963.0,5961.5,5962.0,2507
2025-11-10 07:55:00,5963.25,5963.5,5962.25,5962.75,932
2025-11-10 08:00:00,5964.25,5965.25,5963.25,5964.0,2275
2025-11-10 08:05:00,5965.5,5965.5,5964.5,5965.5,1983
2025-11-10 08:10:00,5964.0,5965.25,5964.0,5964.5,2383
2025-11-10 08:15:00,5964.0,5966.0,5963.75,5964.0,1126
2025-11-10 08:20:00,5962.0,5963.5,5961.75,5962.75,2283
2025-11-10 08:25:00,5962.0,5962.25,5960.5,5961.5,1221
2025-11-10 08:30:00,5961.5,5961.5,5959.25,5961.25,2637
2025-11-10 08:35:00,5960.25,5960.25,5959.25,5959.5,1606
2025-11-10 08:40:00,5958.5,5960.5,5957.25,5957.5,2704
2025-11-10 08:45:00,5959.75,5959.75,5958.75,5959.25,2480
2025-11-10 08:50:00,5958.25,5958.25,5957.25,5957.75,2404
2025-11-10 08:55:00,5962.0,5962.5,5961.5,5962.0,2284
2025-11-10 09:25:00,5960.25,5960.75,5959.75,5960.25,7988
2025-11-10 09:30:00,5957.5,5959.75,5956.25,5958.0,15561
2025-11-10 09:35:00,5959.5,5961.25,5955.75,5958.5,13044
2025-11-10 09:40:00,5958.25,5959.5,5957.5,5958.5,7839
2025-11-10 09:45:00,5958.25,5961.75,5956.25,5959.0,14139
2025-11-10 09:50:00,5955.75,5958.5,5955.5,5957.0,19771
2025-11-10 09:55:00,5955.25,5956.5,5952.5,5954.5,12990
2025-11-10 10:00:00,5956.0,5956.75,5953.75,5955.25,20227
2025-11-10 10:05:00,5954.75,5956.5,5953.0,5954.75,23672
2025-11-10 10:10:00,5953.0,5957.75,5953.0,5955.5,24999
2025-11-10 10:15:00,5956.0,5958.75,5951.25,5955.0,17418
2025-11-10 10:20:00,5958.0,5961.5,5954.5,5958.0,16023
2025-11-10 10:25:00,5958.5,5961.0,5956.5,5958.75,5940
2025-11-10 10:30:00,5960.0,5962.5,5957.5,5960.0,19197
2025-11-10 10:35:00,5959.5,5959.75,5958.25,5959.0,13650
2025-11-10 10:40:00,5955.5,5960.25,5951.75,5956.0,8958
2025-11-10 10:45:00,5953.5,5955.0,5952.0,5953.5,18976
2025-11-10 10:50:00,5953.0,5955.75,5949.75,5952.75,9950
2025-11-10 10:55:00,5952.75,5955.25,5951.75,5953.5,14626
2025-11-10 11:00:00,5956.25,5956.5,5955.0,5955.75,11465
2025-11-10 11:05:00,5954.25,5956.75,5950.75,5953.75,14152
2025-11-10 11:10:00,5953.75,5956.5,5952.5,5954.5,12163
2025-11-10 11:15:00,5958.0,5959.25,5954.25,5956.75,12052
2025-11-10 11:20:00,5954.75,5956.75,5953.25,5955.0,3332
2025-11-10 11:25:00,5956.25,5957.75,5954.75,5956.25,19928
2025-11-10 11:30:00,5956.75,5958.5,5954.0,5956.25,9260
2025-11-10 11:35:00,5954.5,5956.25,5954.25,5955.25,5805
2025-11-10 11:40:00,5952.0,5952.0,5949.25,5950.25,10908
2025-11-10 11:45:00,5951.75,5952.75,5951.25,5952.0,16317
2025-11-10 11:50:00,5951.25,5953.75,5950.75,5952.25,19009
2025-11-10 11:55:00,5955.0,5956.25,5952.75,5954.5,10874
2025-11-10 12:00:00,5956.0,5956.25,5954.75,5955.5,18600
2025-11-10 12:05:00,5956.25,5958.0,5955.5,5956.75,19083
2025-11-10 12:10:00,5956.0,5960.0,5954.0,5957.0,17685
2025-11-10 12:15:00,5954.0,5955.0,5953.0,5954.0,3565
2025-11-10 12:20:00,5954.25,5955.5,5953.5,5954.5,6049
2025-11-10 12:25:00,5957.0,5960.75,5954.25,5957.5,12641
2025-11-10 12:30:00,5957.0,5960.5,5954.0,5957.25,10261
2025-11-10 12:35:00,5960.75,5961.25,5959.75,5960.5,16251
2025-11-10 12:40:00,5957.5,5959.5,5956.0,5957.75,10972
2025-11-10 12:45:00,5957.5,5959.75,5954.25,5957.0,13033
2025-11-10 12:50:00,5955.0,5955.75,5953.75,5954.75,15092
2025-11-10 12:55:00,5956.25,5960.0,5954.0,5957.0,18507
2025-11-10 13:00:00,5955.0,5958.0,5952.5,5955.25,14264
2025-11-10 13:05:00,5956.25,5958.5,5954.0,5956.25,16942
2025-11-10 13:10:00,5954.75,5956.5,5954.5,5955.5,13839
2025-11-10 13:15:00,5960.0,5963.0,5956.5,5959.75,14528
2025-11-10 13:20:00,5963.5,5964.5,5963.0,5963.75,17868
2025-11-10 13:25:00,5963.75,5963.75,5961.75,5962.75,11877
2025-11-10 13:30:00,5957.25,5961.25,5955.25,5958.25,13047
2025-11-10 13:35:00,5958.25,5959.25,5956.25,5957.75,11237
2025-11-10 13:40:00,5956.0,5956.0,5953.0,5954.5,10554
2025-11-10 13:45:00,5951.25,5952.75,5950.75,5951.75,6953
2025-11-10 13:50:00,5952.25,5953.5,5952.0,5952.75,9310
2025-11-10 13:55:00,5953.5,5957.25,5950.25,5953.75,13339
2025-11-10 14:00:00,5954.5,5958.0,5952.5,5955.25,6917
2025-11-10 14:05:00,5956.5,5959.25,5953.25,5956.25,9066
2025-11-10 14:10:00,5954.75,5956.5,5954.75,5955.75,9276
2025-11-10 14:15:00,5956.75,5959.0,5955.0,5957.0,10090
2025-11-10 14:20:00,5955.75,5957.25,5954.75,5956.0,18866
2025-11-10 14:25:00,5955.75,5960.0,5952.0,5956.0,12060
2025-11-10 14:30:00,5955.75,5957.0,5953.5,5955.25,12273
2025-11-10 14:35:00,5956.0,5956.75,5953.25,5955.0,6294
2025-11-10 14:40:00,5956.5,5959.75,5956.25,5958.0,9360
2025-11-10 14:45:00,5960.5,5961.75,5958.25,5960.0,12707
2025-11-10 14:50:00,5955.0,5958.0,5954.0,5956.0,10454
2025-11-10 14:55:00,5956.75,5958.25,5956.75,5957.5,14825
2025-11-10 15:00:00,5956.75,5958.5,5955.0,5956.75,8879
2025-11-10 15:05:00,5956.75,5961.75,5954.25,5958.0,12904
2025-11-10 15:10:00,5960.5,5962.25,5960.25,5961.25,3463
2025-11-10 15:15:00,5959.25,5959.5,5957.5,5958.5,7147
2025-11-10 15:20:00,5957.25,5961.25,5955.25,5958.25,11988
2025-11-10 15:25:00,5958.5,5961.0,5955.5,5958.25,4491
2025-11-10 15:30:00,5958.0,5961.5,5958.0,5960.0,4786
2025-11-10 15:35:00,5960.5,5961.75,5958.75,5960.25,12572
2025-11-10 15:40:00,5963.0,5964.75,5960.25,5962.5,7137
2025-11-10 15:45:00,5965.0,5968.25,5961.25,5964.75,19085
2025-11-10 15:50:00,5963.75,5964.25,5962.75,5963.5,6361
2025-11-10 15:55:00,5962.25,5964.0,5960.5,5962.25,3401
2025-11-11 06:00:00,5960.0,5961.5,5959.75,5960.5,1664
2025-11-11 06:05:00,5961.25,5962.0,5959.75,5961.5,2422
2025-11-11 06:10:00,5963.5,5964.25,5962.75,5963.25,2460
2025-11-11 06:15:00,5965.25,5965.25,5964.0,5964.5,2304
2025-11-11 06:20:00,5966.5,5968.0,5966.5,5967.0,1895
2025-11-11 06:25:00,5966.5,5966.5,5965.25,5965.75,1255
2025-11-11 06:30:00,5966.25,5968.25,5965.75,5966.75,710
2025-11-11 06:35:00,5967.75,5967.75,5964.25,5966.25,1534
2025-11-11 06:40:00,5967.75,5967.75,5966.75,5967.25,2456
2025-11-11 06:45:00,5967.0,5968.5,5966.5,5966.75,967
2025-11-11 06:50:00,5967.5,5968.25,5967.0,5967.75,767
2025-11-11 06:55:00,5967.5,5968.0,5966.5,5967.0,2141
2025-11-11 07:00:00,5968.0,5969.5,5967.75,5967.75,2514
2025-11-11 07:05:00,5966.5,5966.5,5965.25,5966.0,803
2025-11-11 07:10:00,5965.25,5965.5,5964.0,5965.5,2863
2025-11-11 07:15:00,5966.75,5967.25,5966.25,5966.75,719
2025-11-11 07:20:00,5967.0,5967.5,5966.0,5966.75,1121
2025-11-11 07:25:00,5968.0,5968.0,5965.25,5967.5,1111
2025-11-11 07:30:00,5966.5,5967.5,5966.0,5966.75,2805
2025-11-11 07:35:00,5967.5,5968.75,5967.5,5968.25,1744
2025-11-11 07:40:00,5970.0,5970.25,5969.75,5970.0,848
2025-11-11 07:45:00,5966.5,5967.75,5966.25,5967.25,1516
2025-11-11 07:50:00,5965.75,5966.0,5964.25,5965.0,985
2025-11-11 07:55:00,5964.75,5966.0,5963.25,5964.25,2785
2025-11-11 08:00:00,5964.25,5964.5,5963.75,5964.0,2204
2025-11-11 08:05:00,5965.0,5967.25,5965.0,5965.75,2983
2025-11-11 08:10:00,5964.75,5965.5,5964.25,5965.25,2941
2025-11-11 08:15:00,5965.25,5965.75,5965.25,5965.75,1424
2025-11-11 08:20:00,5966.0,5966.5,5964.5,5965.5,2640
2025-11-11 08:25:00,5962.5,5963.75,5961.25,5962.75,2058
2025-11-11 08:30:00,5962.0,5964.0,5961.5,5962.5,2345
2025-11-11 08:35:00,5962.75,5962.75,5962.0,5962.75,2313
2025-11-11 08:40:00,5962.75,5962.75,5960.25,5962.0,1717
2025-11-11 08:45:00,5959.5,5960.75,5959.25,5960.0,2910
2025-11-11 08:50:00,5960.75,5962.75,5960.25,5961.25,2256
2025-11-11 08:55:00,5963.0,5963.0,5962.25,5962.75,1750
2025-11-11 09:25:00,5963.25,5963.75,5962.75,5963.25,6658
2025-11-11 09:30:00,5960.25,5962.0,5956.0,5959.0,24976
2025-11-11 09:35:00,5956.75,5959.25,5956.75,5958.25,8251
2025-11-11 09:40:00,5960.0,5962.25,5957.75,5960.0,11808
2025-11-11 09:45:00,5964.25,5965.5,5962.0,5963.75,11914
2025-11-11 09:50:00,5960.25,5961.5,5959.5,5960.5,13671
2025-11-11 09:55:00,5961.0,5963.0,5959.5,5961.25,7660
2025-11-11 10:00:00,5962.5,5965.75,5962.25,5964.0,10146
2025-11-11 10:05:00,5968.5,5973.5,5966.0,5969.75,12859
2025-11-11 10:10:00,5972.25,5974.0,5970.0,5972.0,10695
2025-11-11 10:15:00,5972.25,5974.5,5971.5,5973.0,23087
2025-11-11 10:20:00,5970.0,5973.5,5968.0,5970.75,7459
2025-11-11 10:25:00,5971.25,5973.0,5968.0,5970.5,10129
2025-11-11 10:30:00,5973.5,5974.75,5971.75,5973.25,3087
2025-11-11 10:35:00,5974.0,5975.5,5972.5,5974.0,16386
2025-11-11 10:40:00,5974.25,5976.75,5973.75,5975.25,17762
2025-11-11 10:45:00,5976.25,5978.75,5974.75,5976.75,18398
2025-11-11 10:50:00,5976.25,5978.25,5974.75,5976.5,12543
2025-11-11 10:55:00,5977.75,5982.5,5974.0,5978.25,4069
2025-11-11 11:00:00,5975.5,5976.25,5973.75,5975.0,10585
2025-11-11 11:05:00,5973.25,5977.25,5971.25,5974.25,12440
2025-11-11 11:10:00,5976.5,5977.0,5973.5,5975.25,12264
2025-11-11 11:15:00,5978.5,5981.0,5977.0,5979.0,17877
2025-11-11 11:20:00,5980.25,5981.5,5979.0,5980.25,5332
2025-11-11 11:25:00,5979.75,5983.5,5976.0,5979.75,10648
2025-11-11 11:30:00,5979.0,5979.5,5976.5,5978.0,11668
2025-11-11 11:35:00,5974.75,5977.0,5973.0,5975.0,9482
2025-11-11 11:40:00,5974.5,5976.25,5972.25,5974.25,16930
2025-11-11 11:45:00,5974.75,5977.25,5972.75,5975.0,6760
2025-11-11 11:50:00,5973.0,5976.0,5971.0,5973.5,10366
2025-11-11 11:55:00,5978.25,5981.75,5976.75,5979.25,7882
2025-11-11 12:00:00,5976.75,5977.75,5974.75,5976.25,11704
2025-11-11 12:05:00,5977.0,5978.25,5975.75,5977.0,7660
2025-11-11 12:10:00,5975.5,5978.25,5975.5,5977.25,5339
2025-11-11 12:15:00,5976.75,5978.5,5974.5,5976.5,4954
2025-11-11 12:20:00,5982.0,5983.5,5981.0,5982.25,8436
2025-11-11 12:25:00,5983.75,5985.0,5982.0,5983.5,13079
2025-11-11 12:30:00,5983.5,5988.0,5980.5,5984.25,12457
2025-11-11 12:35:00,5985.25,5987.0,5982.5,5984.75,17390
2025-11-11 12:40:00,5982.0,5983.75,5980.75,5982.25,7074
2025-11-11 12:45:00,5982.75,5986.0,5981.5,5983.75,18358
2025-11-11 12:50:00,5982.25,5985.0,5981.5,5983.25,12964
2025-11-11 12:55:00,5984.0,5984.0,5981.0,5982.25,16189
2025-11-11 13:00:00,5982.0,5985.25,5979.75,5982.5,11920
2025-11-11 13:05:00,5982.75,5988.0,5980.0,5984.0,19399
2025-11-11 13:10:00,5980.0,5983.25,5976.25,5979.75,19180
2025-11-11 13:15:00,5975.5,5979.0,5975.5,5977.5,17344
2025-11-11 13:20:00,5978.0,5978.5,5976.0,5977.25,5635
2025-11-11 13:25:00,5974.0,5975.75,5973.75,5974.75,4306
2025-11-11 13:30:00,5974.75,5977.0,5973.0,5975.0,17156
2025-11-11 13:35:00,5973.5,5974.5,5971.0,5972.75,13561
2025-11-11 13:40:00,5971.0,5972.75,5971.0,5972.0,11204
2025-11-11 13:45:00,5973.25,5973.25,5970.5,5971.25,3847
2025-11-11 13:50:00,5969.5,5971.75,5965.75,5968.75,5992
2025-11-11 13:55:00,5969.5,5972.75,5965.75,5969.25,10501
2025-11-11 14:00:00,5971.0,5971.0,5969.25,5970.0,3679
2025-11-11 14:05:00,5971.0,5973.75,5970.25,5972.0,11831
2025-11-11 14:10:00,5971.5,5973.5,5969.5,5971.5,4318
2025-11-11 14:15:00,5973.75,5975.25,5972.25,5973.75,8740
2025-11-11 14:20:00,5971.75,5975.5,5971.5,5973.5,18417
2025-11-11 14:25:00,5973.0,5973.0,5971.0,5972.0,17490
2025-11-11 14:30:00,5971.25,5974.25,5967.25,5970.75,12114
2025-11-11 14:35:00,5968.75,5971.75,5966.75,5969.25,8947
2025-11-11 14:40:00,5967.0,5970.5,5967.0,5968.75,17283
2025-11-11 14:45:00,5971.0,5973.25,5967.75,5970.5,19112
2025-11-11 14:50:00,5968.0,5969.0,5967.0,5968.0,5989
2025-11-11 14:55:00,5968.5,5970.75,5967.25,5969.0,18401
2025-11-11 15:00:00,5970.0,5970.5,5967.5,5969.0,14401
2025-11-11 15:05:00,5970.25,5972.25,5968.25,5970.25,16380
2025-11-11 15:10:00,5972.25,5974.25,5971.75,5973.0,13921
2025-11-11 15:15:00,5975.25,5977.25,5973.75,5975.5,13520
2025-11-11 15:20:00,5974.5,5975.5,5973.0,5974.25,6427
2025-11-11 15:25:00,5975.5,5975.5,5973.0,5974.25,8269
2025-11-11 15:30:00,5976.75,5977.0,5975.0,5976.0,13807
2025-11-11 15:35:00,5974.75,5974.75,5972.25,5973.5,16488
2025-11-11 15:40:00,5972.25,5974.75,5970.75,5972.75,19235
2025-11-11 15:45:00,5970.0,5972.25,5968.25,5970.25,12444
2025-11-11 15:50:00,5968.0,5968.0,5966.5,5967.25,16122
2025-11-11 15:55:00,5965.75,5968.25,5962.25,5965.25,4202
2025-11-12 06:00:00,5966.25,5967.5,5966.0,5966.75,860
2025-11-12 06:05:00,5967.5,5968.25,5967.5,5968.0,1788
2025-11-12 06:10:00,5967.0,5967.25,5965.75,5966.75,1533
2025-11-12 06:15:00,5965.0,5965.5,5963.5,5964.75,1824
2025-11-12 06:20:00,5966.0,5966.5,5965.25,5965.75,974
2025-11-12 06:25:00,5965.25,5966.0,5963.0,5965.0,2155
2025-11-12 06:30:00,5963.0,5963.0,5962.5,5962.75,2607
2025-11-12 06:35:00,5962.5,5962.5,5961.5,5962.25,504
2025-11-12 06:40:00,5963.25,5963.25,5961.25,5962.75,2722
2025-11-12 06:45:00,5963.75,5964.75,5963.5,5963.75,2392
2025-11-12 06:50:00,5964.0,5964.0,5962.0,5963.5,2192
2025-11-12 06:55:00,5961.75,5962.0,5960.25,5961.5,722
2025-11-12 07:00:00,5963.25,5965.25,5962.25,5963.25,1268
2025-11-12 07:05:00,5964.5,5965.0,5964.5,5964.75,2623
2025-11-12 07:10:00,5967.25,5967.75,5965.5,5967.0,1981
2025-11-12 07:15:00,5965.25,5965.25,5963.0,5965.0,2541
2025-11-12 07:20:00,5967.25,5967.25,5966.25,5966.25,2310
2025-11-12 07:25:00,5966.5,5966.5,5964.0,5965.5,711
2025-11-12 07:30:00,5965.25,5966.5,5964.25,5965.5,1333
2025-11-12 07:35:00,5965.0,5966.0,5963.0,5964.75,1593
2025-11-12 07:40:00,5963.25,5965.5,5963.0,5963.5,2749
2025-11-12 07:45:00,5964.25,5965.5,5963.25,5964.0,1036
2025-11-12 07:50:00,5963.5,5964.75,5963.5,5964.75,1679
2025-11-12 07:55:00,5964.5,5964.5,5963.0,5964.25,2294
2025-11-12 08:00:00,5963.75,5965.75,5962.5,5964.0,2485
2025-11-12 08:05:00,5963.75,5963.75,5963.25,5963.75,997
2025-11-12 08:10:00,5962.75,5963.75,5962.0,5962.5,618
2025-11-12 08:15:00,5961.5,5962.25,5960.5,5961.25,2993
2025-11-12 08:20:00,5962.25,5962.5,5962.0,5962.5,1480
2025-11-12 08:25:00,5962.25,5962.5,5961.5,5962.25,1148
2025-11-12 08:30:00,5959.75,5960.5,5959.75,5960.0,1772
2025-11-12 08:35:00,5960.25,5960.25,5959.25,5959.75,2756
2025-11-12 08:40:00,5958.5,5960.0,5957.75,5958.75,556
2025-11-12 08:45:00,5958.0,5959.0,5957.0,5958.25,2762
2025-11-12 08:50:00,5958.25,5959.0,5958.0,5958.5,2171
2025-11-12 08:55:00,5957.25,5957.25,5956.25,5957.0,881
2025-11-12 09:25:00,5955.25,5955.75,5954.75,5955.25,3840
2025-11-12 09:30:00,5954.0,5955.25,5952.25,5953.75,8717
2025-11-12 09:35:00,5964.5,5967.25,5963.75,5965.5,20120
2025-11-12 09:40:00,5965.0,5969.5,5960.5,5965.0,8849
2025-11-12 09:45:00,5960.75,5964.0,5958.5,5961.25,10045
2025-11-12 09:50:00,5962.5,5963.0,5958.5,5960.75,21330
2025-11-12 09:55:00,5960.0,5964.0,5954.5,5959.25,14563
2025-11-12 10:00:00,5961.75,5963.0,5959.5,5961.25,21674
2025-11-12 10:05:00,5953.5,5954.25,5951.25,5952.75,13959
2025-11-12 10:10:00,5952.5,5956.25,5948.75,5952.5,18614
2025-11-12 10:15:00,5960.0,5963.5,5956.5,5960.0,20810
2025-11-12 10:20:00,5962.5,5966.0,5962.5,5964.25,20473
2025-11-12 10:25:00,5960.0,5964.5,5956.0,5960.25,12986
2025-11-12 10:30:00,5961.25,5961.25,5958.5,5959.75,17967
2025-11-12 10:35:00,5963.0,5967.0,5959.0,5963.0,7739
2025-11-12 10:40:00,5964.5,5966.5,5960.5,5963.5,15569
2025-11-12 10:45:00,5960.25,5962.0,5960.0,5961.0,9245
2025-11-12 10:50:00,5959.25,5961.75,5957.75,5959.75,19654
2025-11-12 10:55:00,5959.5,5960.25,5957.25,5958.75,7473
2025-11-12 11:00:00,5957.5,5957.5,5955.5,5956.5,5287
2025-11-12 11:05:00,5955.25,5957.25,5953.75,5955.5,12052
2025-11-12 11:10:00,5957.5,5959.0,5957.0,5958.0,16596
2025-11-12 11:15:00,5959.5,5961.5,5956.5,5959.0,14137
2025-11-12 11:20:00,5959.0,5961.0,5958.5,5959.75,19637
2025-11-12 11:25:00,5959.0,5959.5,5956.5,5958.0,11754
2025-11-12 11:30:00,5955.25,5958.25,5955.25,5956.75,3084
2025-11-12 11:35:00,5955.0,5956.5,5955.0,5955.75,12268
2025-11-12 11:40:00,5954.25,5955.75,5952.25,5954.0,12783
2025-11-12 11:45:00,5952.25,5957.75,5949.75,5953.75,19044
2025-11-12 11:50:00,5950.75,5954.25,5950.75,5952.75,7869
2025-11-12 11:55:00,5953.0,5953.5,5950.5,5952.0,17632
2025-11-12 12:00:00,5951.5,5952.75,5950.25,5951.5,18870
2025-11-12 12:05:00,5947.75,5949.5,5945.5,5947.5,14309
2025-11-12 12:10:00,5947.25,5955.5,5942.0,5948.75,13893
2025-11-12 12:15:00,5952.75,5953.75,5951.25,5952.5,15360
2025-11-12 12:20:00,5952.0,5954.0,5951.0,5952.5,17920
2025-11-12 12:25:00,5953.75,5956.25,5950.25,5953.25,13544
2025-11-12 12:30:00,5952.25,5955.0,5950.0,5952.5,9181
2025-11-12 12:35:00,5955.5,5956.75,5953.75,5955.25,10825
2025-11-12 12:40:00,5954.5,5956.0,5952.0,5954.0,15549
2025-11-12 12:45:00,5958.25,5958.75,5956.75,5957.75,10653
2025-11-12 12:50:00,5957.5,5960.75,5955.25,5958.0,16460
2025-11-12 12:55:00,5959.5,5960.5,5958.5,5959.5,4430
2025-11-12 13:00:00,5959.75,5961.0,5958.5,5959.75,13426
2025-11-12 13:05:00,5961.0,5963.25,5957.25,5960.25,18498
2025-11-12 13:10:00,5961.25,5963.5,5960.5,5962.0,15492
2025-11-12 13:15:00,5964.75,5965.75,5961.75,5963.75,15651
2025-11-12 13:20:00,5961.25,5963.5,5961.25,5962.5,7984
2025-11-12 13:25:00,5961.25,5963.75,5959.25,5961.5,19230
2025-11-12 13:30:00,5963.0,5963.75,5961.75,5962.75,4213
2025-11-12 13:35:00,5958.0,5961.25,5958.0,5960.25,7136
2025-11-12 13:40:00,5960.75,5963.0,5956.5,5959.75,19459
2025-11-12 13:45:00,5962.5,5962.75,5959.75,5961.25,13878
2025-11-12 13:50:00,5960.0,5962.5,5956.0,5959.25,6288
2025-11-12 13:55:00,5958.0,5961.25,5956.25,5958.75,17427
2025-11-12 14:00:00,5956.5,5958.75,5955.25,5957.0,6267
2025-11-12 14:05:00,5954.75,5957.5,5952.5,5955.0,17972
2025-11-12 14:10:00,5954.5,5957.25,5954.25,5955.75,3502
2025-11-12 14:15:00,5956.5,5960.0,5953.0,5956.5,7723
2025-11-12 14:20:00,5954.5,5957.5,5950.0,5953.75,16434
2025-11-12 14:25:00,5953.25,5956.75,5951.25,5954.0,8058
2025-11-12 14:30:00,5955.5,5956.25,5954.25,5955.25,5451
2025-11-12 14:35:00,5958.25,5959.75,5956.25,5958.0,18384
2025-11-12 14:40:00,5954.75,5957.0,5952.5,5954.75,11684
2025-11-12 14:45:00,5956.75,5957.5,5952.5,5955.0,14093
2025-11-12 14:50:00,5958.25,5960.0,5956.5,5958.25,16024
2025-11-12 14:55:00,5957.75,5960.0,5955.5,5957.75,5631
2025-11-12 15:00:00,5958.5,5960.75,5955.75,5958.25,13766
2025-11-12 15:05:00,5957.25,5961.5,5954.5,5958.0,15452
2025-11-12 15:10:00,5957.75,5960.75,5953.75,5957.25,13376
2025-11-12 15:15:00,5953.5,5956.25,5953.25,5954.75,18989
2025-11-12 15:20:00,5957.0,5958.5,5955.5,5957.0,4176
2025-11-12 15:25:00,5958.75,5962.5,5957.0,5959.75,5242
2025-11-12 15:30:00,5957.25,5960.75,5956.25,5958.5,10692
2025-11-12 15:35:00,5953.25,5954.25,5951.25,5952.75,12416
2025-11-12 15:40:00,5955.0,5956.75,5953.75,5955.25,10454
2025-11-12 15:45:00,5957.5,5961.25,5954.25,5957.75,5961
2025-11-12 15:50:00,5957.75,5959.75,5956.75,5958.25,17220
2025-11-12 15:55:00,5957.75,5962.75,5953.75,5958.25,6225
2025-11-13 06:00:00,5959.25,5960.0,5959.0,5959.0,2317
2025-11-13 06:05:00,5958.5,5958.75,5957.5,5958.5,1181
2025-11-13 06:10:00,5959.5,5959.75,5959.0,5959.5,1726
2025-11-13 06:15:00,5960.25,5962.5,5959.25,5960.5,618
2025-11-13 06:20:00,5961.0,5962.5,5960.0,5961.25,688
2025-11-13 06:25:00,5960.25,5961.5,5959.0,5960.75,1828
2025-11-13 06:30:00,5959.75,5960.25,5958.75,5960.0,729
2025-11-13 06:35:00,5960.25,5960.75,5960.25,5960.5,1701
2025-11-13 06:40:00,5958.25,5958.5,5956.5,5958.25,1968
2025-11-13 06:45:00,5959.25,5959.25,5957.25,5958.5,2035
2025-11-13 06:50:00,5959.75,5960.5,5958.0,5958.75,2264
2025-11-13 06:55:00,5960.0,5960.5,5959.75,5960.0,1096
2025-11-13 07:00:00,5961.25,5962.0,5959.75,5961.75,1500
2025-11-13 07:05:00,5962.0,5962.0,5961.5,5961.5,2675
2025-11-13 07:10:00,5959.0,5959.0,5956.75,5958.5,2187
2025-11-13 07:15:00,5959.0,5959.0,5957.5,5958.25,2818
2025-11-13 07:20:00,5960.0,5960.25,5959.5,5959.75,1237
2025-11-13 07:25:00,5959.25,5959.5,5957.0,5958.75,1196
2025-11-13 07:30:00,5958.0,5958.0,5956.5,5957.75,1217
2025-11-13 07:35:00,5958.25,5960.25,5957.25,5958.5,823
2025-11-13 07:40:00,5958.25,5959.25,5957.5,5958.0,2996
2025-11-13 07:45:00,5958.5,5958.5,5956.75,5957.75,2066
2025-11-13 07:50:00,5956.75,5957.5,5956.5,5957.0,1486
2025-11-13 07:55:00,5957.5,5957.5,5954.75,5956.75,2538
2025-11-13 08:00:00,5956.75,5957.25,5956.75,5956.75,2888
2025-11-13 08:05:00,5954.5,5955.75,5954.25,5954.25,1086
2025-11-13 08:10:00,5955.5,5956.75,5955.25,5955.75,1451
2025-11-13 08:15:00,5956.75,5959.25,5956.75,5957.0,2388
2025-11-13 08:20:00,5957.5,5958.25,5957.0,5957.75,1540
2025-11-13 08:25:00,5957.25,5958.5,5956.75,5957.5,2382
2025-11-13 08:30:00,5952.5,5953.5,5952.25,5953.25,1545
2025-11-13 08:35:00,5951.75,5951.75,5950.25,5951.5,538
2025-11-13 08:40:00,5950.25,5951.0,5950.0,5950.5,2405
2025-11-13 08:45:00,5948.75,5950.5,5948.25,5948.75,1678
2025-11-13 08:50:00,5948.75,5949.0,5947.5,5948.5,2738
2025-11-13 08:55:00,5946.0,5947.25,5945.5,5946.5,1147
2025-11-13 09:25:00,5945.0,5945.5,5944.5,5945.0,2605
2025-11-13 09:30:00,5944.75,5947.25,5941.25,5944.25,16323
2025-11-13 09:35:00,5945.75,5948.75,5944.75,5946.75,24253
2025-11-13 09:40:00,5947.75,5949.0,5944.0,5946.5,14802
2025-11-13 09:45:00,5945.5,5947.25,5941.75,5944.5,18903
2025-11-13 09:50:00,5949.5,5950.5,5947.0,5948.75,13195
2025-11-13 09:55:00,5952.5,5956.25,5951.75,5954.0,19969
2025-11-13 10:00:00,5948.5,5953.0,5948.0,5950.5,14899
2025-11-13 10:05:00,5950.5,5952.0,5948.5,5950.25,11527
2025-11-13 10:10:00,5952.75,5953.0,5950.0,5951.5,17605
2025-11-13 10:15:00,5949.25,5952.25,5947.75,5950.0,20833
2025-11-13 10:20:00,5952.75,5955.0,5949.5,5952.25,8494
2025-11-13 10:25:00,5957.0,5958.5,5952.0,5955.25,12772
2025-11-13 10:30:00,5962.5,5963.0,5959.5,5961.25,14762
2025-11-13 10:35:00,5959.5,5961.5,5958.5,5960.0,12674
2025-11-13 10:40:00,5962.0,5963.75,5959.25,5961.5,15969
2025-11-13 10:45:00,5964.5,5966.0,5962.5,5964.25,11994
2025-11-13 10:50:00,5964.5,5965.5,5961.5,5963.5,3265
2025-11-13 10:55:00,5965.25,5966.25,5964.75,5965.5,4607
2025-11-13 11:00:00,5964.75,5965.5,5961.0,5963.25,19276
2025-11-13 11:05:00,5963.0,5963.25,5961.25,5962.25,12378
2025-11-13 11:10:00,5962.0,5962.25,5960.25,5961.25,10540
2025-11-13 11:15:00,5960.75,5967.0,5957.0,5962.0,14544
2025-11-13 11:20:00,5965.0,5965.5,5963.5,5964.5,10176
2025-11-13 11:25:00,5966.25,5967.75,5964.25,5966.0,9230
2025-11-13 11:30:00,5964.25,5965.75,5962.25,5964.0,11212
2025-11-13 11:35:00,5966.0,5968.0,5963.5,5965.75,7481
2025-11-13 11:40:00,5966.25,5968.75,5964.75,5966.75,6183
2025-11-13 11:45:00,5969.0,5972.25,5966.25,5969.25,4291
2025-11-13 11:50:00,5971.0,5972.0,5968.0,5970.0,13123
2025-11-13 11:55:00,5971.0,5975.5,5968.0,5971.75,17444
2025-11-13 12:00:00,5972.5,5973.0,5971.0,5972.0,4093
2025-11-13 12:05:00,5973.25,5974.5,5970.5,5972.5,14955
2025-11-13 12:10:00,5975.5,5976.5,5972.5,5974.5,7306
2025-11-13 12:15:00,5977.0,5978.0,5976.0,5977.0,5953
2025-11-13 12:20:00,5978.75,5980.75,5976.75,5978.75,12670
2025-11-13 12:25:00,5975.0,5978.25,5974.25,5976.25,13705
2025-11-13 12:30:00,5979.0,5980.5,5978.0,5979.25,16615
2025-11-13 12:35:00,5980.0,5980.25,5977.75,5979.0,8755
2025-11-13 12:40:00,5976.25,5978.75,5973.25,5976.0,9579
2025-11-13 12:45:00,5976.25,5977.25,5972.75,5975.0,7330
2025-11-13 12:50:00,5975.25,5977.0,5972.0,5974.5,14988
2025-11-13 12:55:00,5976.0,5978.0,5973.5,5975.75,19442
2025-11-13 13:00:00,5975.75,5977.5,5972.5,5975.0,11930
2025-11-13 13:05:00,5977.75,5977.75,5975.25,5976.5,8391
2025-11-13 13:10:00,5977.5,5979.75,5974.75,5977.25,11420
2025-11-13 13:15:00,5981.0,5983.5,5979.0,5981.25,18789
2025-11-13 13:20:00,5982.0,5983.5,5982.0,5982.75,12671
2025-11-13 13:25:00,5985.5,5989.5,5981.0,5985.25,14099
2025-11-13 13:30:00,5985.0,5987.75,5981.75,5984.75,6773
2025-11-13 13:35:00,5987.25,5988.75,5985.75,5987.25,18346
2025-11-13 13:40:00,5988.0,5989.75,5984.75,5987.25,5467
2025-11-13 13:45:00,5990.75,5992.5,5986.5,5989.5,7612
2025-11-13 13:50:00,5990.25,5994.0,5988.5,5991.25,10392
2025-11-13 13:55:00,5990.5,5991.0,5989.0,5990.0,16022
2025-11-13 14:00:00,5993.25,5995.25,5991.75,5993.5,14985
2025-11-13 14:05:00,5992.0,5995.25,5990.25,5992.75,5959
2025-11-13 14:10:00,5997.25,5997.25,5994.75,5996.0,15929
2025-11-13 14:15:00,5997.25,5998.75,5996.75,5997.75,3456
2025-11-13 14:20:00,5998.0,5999.5,5996.5,5998.0,11665
2025-11-13 14:25:00,5998.0,5999.0,5997.0,5998.0,7049
2025-11-13 14:30:00,5994.75,5997.0,5994.0,5995.5,17902
2025-11-13 14:35:00,5993.25,5997.75,5991.25,5994.5,15077
2025-11-13 14:40:00,5994.75,5995.0,5991.5,5993.25,11590
2025-11-13 14:45:00,5993.5,5994.25,5992.25,5993.25,15485
2025-11-13 14:50:00,5993.25,5995.0,5993.25,5994.25,15172
2025-11-13 14:55:00,5996.0,6000.75,5993.75,5997.25,6550
2025-11-13 15:00:00,5995.75,5997.75,5995.25,5996.5,10661
2025-11-13 15:05:00,5999.5,5999.75,5996.25,5998.0,18449
2025-11-13 15:10:00,6001.25,6001.5,5999.5,6000.5,3820
2025-11-13 15:15:00,6002.5,6004.5,6001.5,6003.0,13748
2025-11-13 15:20:00,6004.0,6006.0,6002.0,6004.0,10253
2025-11-13 15:25:00,6002.5,6004.5,6000.5,6002.5,5071
2025-11-13 15:30:00,6002.25,6007.0,5999.5,6003.25,18213
2025-11-13 15:35:00,6006.5,6007.75,6001.75,6004.75,12902
2025-11-13 15:40:00,6005.5,6006.5,6003.5,6005.0,16379
2025-11-13 15:45:00,6006.25,6007.0,6005.0,6006.0,6823
2025-11-13 15:50:00,6003.0,6004.75,6001.25,6003.0,7580
2025-11-13 15:55:00,6003.0,6007.25,5999.75,6003.5,4485
2025-11-14 06:00:00,6002.75,6005.0,6002.25,6003.0,1746
2025-11-14 06:05:00,6002.0,6003.5,6002.0,6002.75,2517
2025-11-14 06:10:00,6002.25,6002.5,6002.0,6002.0,975
2025-11-14 06:15:00,6003.0,6004.5,6001.75,6002.75,898
2025-11-14 06:20:00,6005.0,6005.25,6003.75,6004.75,1461
2025-11-14 06:25:00,6008.0,6008.0,6006.75,6006.75,2701
2025-11-14 06:30:00,6007.25,6008.5,6006.75,6008.0,1055
2025-11-14 06:35:00,6008.5,6008.75,6008.0,6008.5,2091
2025-11-14 06:40:00,6011.0,6011.75,6009.75,6011.0,2358
2025-11-14 06:45:00,6009.5,6010.25,6009.25,6009.75,2019
2025-11-14 06:50:00,6006.25,6008.0,6006.25,6007.75,2712
2025-11-14 06:55:00,6010.75,6011.75,6010.25,6010.75,2216
2025-11-14 07:00:00,6009.0,6010.75,6007.0,6009.0,2905
2025-11-14 07:05:00,6010.25,6010.75,6009.25,6010.5,1132
2025-11-14 07:10:00,6010.75,6011.25,6010.5,6010.75,2199
2025-11-14 07:15:00,6010.5,6010.75,6009.75,6010.75,905
2025-11-14 07:20:00,6009.25,6009.75,6006.75,6008.75,2504
2025-11-14 07:25:00,6010.5,6011.0,6008.25,6010.75,2171
2025-11-14 07:30:00,6011.5,6011.75,6010.25,6010.75,1645
2025-11-14 07:35:00,6011.5,6012.75,6010.25,6011.75,634
2025-11-14 07:40:00,6011.75,6012.0,6011.0,6011.5,2017
2025-11-14 07:45:00,6014.5,6015.25,6014.5,6014.5,1389
2025-11-14 07:50:00,6014.0,6015.25,6013.25,6014.0,2316
2025-11-14 07:55:00,6014.25,6014.5,6012.75,6014.0,2321
2025-11-14 08:00:00,6014.5,6014.5,6013.5,6014.0,1467
2025-11-14 08:05:00,6013.0,6014.5,6011.0,6012.75,1985
2025-11-14 08:10:00,6014.25,6014.25,6013.0,6013.5,906
2025-11-14 08:15:00,6009.75,6010.75,6007.75,6010.25,2004
2025-11-14 08:20:00,6012.75,6013.25,6011.5,6012.75,2730
2025-11-14 08:25:00,6016.5,6017.5,6014.75,6015.75,1969
2025-11-14 08:30:00,6019.5,6019.5,6017.25,6018.5,748
2025-11-14 08:35:00,6021.0,6021.75,6020.25,6021.0,2130
2025-11-14 08:40:00,6021.25,6021.25,6019.25,6020.75,1630
2025-11-14 08:45:00,6019.5,6020.75,6019.0,6019.25,1277
2025-11-14 08:50:00,6021.25,6022.5,6021.25,6021.5,1000
2025-11-14 08:55:00,6018.25,6019.5,6016.75,6019.25,2362
2025-11-14 09:25:00,6019.25,6019.75,6018.75,6019.25,2750
2025-11-14 09:30:00,6021.25,6022.5,6020.0,6021.25,24567
2025-11-14 09:35:00,6017.75,6020.0,6017.0,6018.5,5699
2025-11-14 09:40:00,6014.5,6017.0,6010.0,6013.5,6657
2025-11-14 09:45:00,6015.25,6015.75,6012.75,6014.25,15928
2025-11-14 09:50:00,6015.0,6018.0,6012.5,6015.25,12981
2025-11-14 09:55:00,6019.25,6020.75,6017.25,6019.0,9126
2025-11-14 10:00:00,6015.5,6017.75,6014.75,6016.25,23500
2025-11-14 10:05:00,6014.25,6018.0,6012.5,6015.25,11724
2025-11-14 10:10:00,6023.0,6024.75,6017.25,6021.0,7248
2025-11-14 10:15:00,6017.25,6019.75,6017.25,6018.5,23160
2025-11-14 10:20:00,6018.5,6020.0,6014.5,6017.25,11788
2025-11-14 10:25:00,6017.25,6020.0,6013.5,6016.75,24214
2025-11-14 10:30:00,6026.75,6028.75,6022.75,6025.75,10634
2025-11-14 10:35:00,6029.75,6031.25,6026.75,6029.0,7835
2025-11-14 10:40:00,6030.25,6031.75,6029.75,6030.75,3092
2025-11-14 10:45:00,6030.5,6034.25,6026.75,6030.5,12085
2025-11-14 10:50:00,6032.0,6034.5,6030.5,6032.5,7741
2025-11-14 10:55:00,6034.75,6037.75,6032.25,6035.0,7259
2025-11-14 11:00:00,6035.5,6036.75,6034.75,6035.75,11213
2025-11-14 11:05:00,6037.75,6039.0,6035.5,6037.25,8717
2025-11-14 11:10:00,6037.5,6037.75,6035.25,6036.5,6602
2025-11-14 11:15:00,6039.0,6041.5,6036.0,6038.75,3844
2025-11-14 11:20:00,6038.0,6038.0,6035.75,6036.5,7318
2025-11-14 11:25:00,6036.5,6038.0,6034.0,6036.0,3486
2025-11-14 11:30:00,6035.0,6036.25,6032.75,6034.5,14738
2025-11-14 11:35:00,6034.75,6035.25,6033.25,6034.25,10796
2025-11-14 11:40:00,6035.5,6037.0,6034.5,6035.75,13609
2025-11-14 11:45:00,6037.25,6038.0,6036.0,6037.0,3517
2025-11-14 11:50:00,6036.25,6038.0,6036.0,6037.0,8709
2025-11-14 11:55:00,6037.0,6039.75,6035.75,6037.75,11695
2025-11-14 12:00:00,6039.5,6040.0,6038.0,6039.0,4717
2025-11-14 12:05:00,6039.75,6040.5,6038.0,6039.25,7153
2025-11-14 12:10:00,6040.75,6042.75,6038.75,6040.75,16794
2025-11-14 12:15:00,6040.5,6042.75,6040.5,6042.0,6724
2025-11-14 12:20:00,6042.75,6047.0,6039.0,6043.0,5082
2025-11-14 12:25:00,6043.0,6044.0,6041.5,6042.75,18605
2025-11-14 12:30:00,6045.75,6048.0,6042.5,6045.25,17689
2025-11-14 12:35:00,6047.25,6048.0,6046.0,6047.0,14863
2025-11-14 12:40:00,6048.5,6051.25,6047.25,6049.25,19817
2025-11-14 12:45:00,6051.25,6052.0,6050.5,6051.25,6573
2025-11-14 12:50:00,6053.25,6053.25,6051.25,6052.25,17811
2025-11-14 12:55:00,6052.75,6055.5,6050.5,6053.0,19509
2025-11-14 13:00:00,6054.5,6056.5,6051.5,6054.0,10259
2025-11-14 13:05:00,6053.75,6058.0,6049.0,6053.5,4420
2025-11-14 13:10:00,6056.75,6057.25,6055.25,6056.25,12883
2025-11-14 13:15:00,6059.0,6060.75,6055.75,6058.25,18009
2025-11-14 13:20:00,6059.75,6061.5,6059.0,6060.25,4020
2025-11-14 13:25:00,6061.25,6063.75,6059.25,6061.5,4993
2025-11-14 13:30:00,6063.25,6067.0,6061.0,6064.0,18695
2025-11-14 13:35:00,6063.75,6064.5,6062.5,6063.5,16160
2025-11-14 13:40:00,6063.75,6066.25,6060.75,6063.5,16968
2025-11-14 13:45:00,6063.25,6067.25,6061.25,6064.25,6537
2025-11-14 13:50:00,6066.25,6069.5,6061.5,6065.5,19065
2025-11-14 13:55:00,6067.75,6071.5,6060.5,6066.0,17534
2025-11-14 14:00:00,6067.25,6067.5,6065.5,6066.5,5408
2025-11-14 14:05:00,6068.5,6073.0,6066.5,6069.75,5647
2025-11-14 14:10:00,6069.75,6071.0,6068.0,6069.5,13554
2025-11-14 14:15:00,6070.25,6074.5,6069.5,6072.0,7860
2025-11-14 14:20:00,6072.5,6076.0,6072.0,6074.0,5152
2025-11-14 14:25:00,6075.0,6077.0,6073.0,6075.0,7135
2025-11-14 14:30:00,6074.75,6076.0,6074.0,6075.0,12011
2025-11-14 14:35:00,6074.25,6075.5,6072.0,6073.75,13655
2025-11-14 14:40:00,6074.25,6076.0,6074.0,6075.0,15481
2025-11-14 14:45:00,6075.75,6079.5,6071.5,6075.5,12663
2025-11-14 14:50:00,6078.0,6081.5,6075.5,6078.5,17867
2025-11-14 14:55:00,6079.5,6082.5,6077.0,6079.75,19565
2025-11-14 15:00:00,6079.5,6083.25,6075.75,6079.5,17096
2025-11-14 15:05:00,6083.25,6084.5,6082.0,6083.25,6249
2025-11-14 15:10:00,6084.0,6085.25,6083.75,6084.5,6749
2025-11-14 15:15:00,6086.5,6087.5,6085.5,6086.5,10045
2025-11-14 15:20:00,6086.25,6088.5,6083.0,6085.75,17092
2025-11-14 15:25:00,6085.5,6088.0,6083.5,6085.75,17796
2025-11-14 15:30:00,6084.25,6087.5,6083.5,6085.5,10487
2025-11-14 15:35:00,6086.0,6090.5,6083.5,6087.0,16559
2025-11-14 15:40:00,6084.75,6085.75,6083.75,6084.75,14106
2025-11-14 15:45:00,6084.0,6087.25,6082.75,6085.0,17860
2025-11-14 15:50:00,6086.75,6088.0,6085.0,6086.5,16065
2025-11-14 15:55:00,6087.0,6087.0,6085.0,6086.0,16631
2025-11-17 06:00:00,6087.0,6087.5,6086.75,6087.0,1780
2025-11-17 06:05:00,6087.0,6087.25,6086.75,6087.0,2248
2025-11-17 06:10:00,6084.75,6086.5,6084.0,6085.5,1780
2025-11-17 06:15:00,6084.0,6084.0,6082.75,6083.75,1544
2025-11-17 06:20:00,6084.25,6085.75,6083.0,6083.75,2033
2025-11-17 06:25:00,6082.25,6082.75,6081.5,6082.25,1125
2025-11-17 06:30:00,6080.25,6082.0,6079.75,6080.25,2442
2025-11-17 06:35:00,6080.0,6081.0,6079.25,6079.75,774
2025-11-17 06:40:00,6080.25,6080.25,6079.0,6079.75,873
2025-11-17 06:45:00,6078.25,6078.5,6076.75,6078.0,849
2025-11-17 06:50:00,6077.0,6078.25,6076.75,6077.75,881
2025-11-17 06:55:00,6076.5,6076.75,6075.0,6076.25,2268
2025-11-17 07:00:00,6074.5,6075.0,6074.25,6074.75,895
2025-11-17 07:05:00,6076.75,6077.5,6074.75,6076.25,2026
2025-11-17 07:10:00,6077.25,6078.5,6077.25,6078.0,1032
2025-11-17 07:15:00,6076.75,6077.75,6076.0,6077.25,2778
2025-11-17 07:20:00,6077.0,6077.0,6075.25,6076.75,745
2025-11-17 07:25:00,6075.25,6076.0,6075.25,6075.75,2902
2025-11-17 07:30:00,6075.5,6076.0,6075.5,6075.75,2800
2025-11-17 07:35:00,6076.75,6078.0,6076.0,6076.25,2800
2025-11-17 07:40:00,6073.5,6074.5,6073.25,6074.25,1850
2025-11-17 07:45:00,6073.25,6074.5,6072.25,6073.25,1000
2025-11-17 07:50:00,6071.0,6071.25,6070.75,6071.0,2182
2025-11-17 07:55:00,6068.5,6069.25,6068.25,6068.25,1948
2025-11-17 08:00:00,6065.5,6065.5,6064.75,6065.0,2232
2025-11-17 08:05:00,6065.0,6066.5,6065.0,6066.0,710
2025-11-17 08:10:00,6065.75,6066.5,6064.0,6065.5,1678
2025-11-17 08:15:00,6066.25,6066.75,6065.75,6066.25,2959
2025-11-17 08:20:00,6068.5,6069.75,6067.25,6068.75,1779
2025-11-17 08:25:00,6070.5,6072.25,6070.25,6070.75,1940
2025-11-17 08:30:00,6068.25,6069.0,6067.75,6068.75,924
2025-11-17 08:35:00,6066.75,6066.75,6066.5,6066.5,2867
2025-11-17 08:40:00,6068.0,6068.0,6066.25,6068.0,2578
2025-11-17 08:45:00,6067.25,6069.0,6067.25,6067.5,1371
2025-11-17 08:50:00,6069.0,6069.5,6067.75,6069.0,1133
2025-11-17 08:55:00,6070.5,6071.5,6069.0,6070.0,2475
2025-11-17 09:25:00,6070.0,6070.5,6069.5,6070.0,3837
2025-11-17 09:30:00,6070.5,6075.25,6068.25,6071.75,16472
2025-11-17 09:35:00,6071.75,6073.75,6068.75,6071.25,23227
2025-11-17 09:40:00,6072.75,6077.5,6072.75,6075.25,17044
2025-11-17 09:45:00,6075.25,6077.5,6072.0,6074.75,8764
2025-11-17 09:50:00,6075.25,6078.0,6075.0,6076.5,14128
2025-11-17 09:55:00,6080.75,6081.25,6075.75,6078.5,23812
2025-11-17 10:00:00,6080.25,6083.0,6078.5,6080.75,12410
2025-11-17 10:05:00,6082.0,6082.5,6079.5,6081.0,19061
2025-11-17 10:10:00,6084.0,6084.5,6079.5,6082.0,23381
2025-11-17 10:15:00,6082.25,6085.25,6080.25,6082.75,23243
2025-11-17 10:20:00,6082.25,6085.75,6082.25,6084.25,5860
2025-11-17 10:25:00,6090.0,6094.0,6087.0,6090.5,24955
2025-11-17 10:30:00,6094.5,6095.75,6093.25,6094.5,11763
2025-11-17 10:35:00,6096.25,6096.75,6094.75,6095.75,11954
2025-11-17 10:40:00,6099.5,6101.75,6098.75,6100.25,13124
2025-11-17 10:45:00,6105.25,6106.25,6099.75,6103.0,14135
2025-11-17 10:50:00,6100.5,6103.0,6100.5,6102.0,14502
2025-11-17 10:55:00,6105.25,6105.25,6102.25,6103.75,3200
2025-11-17 11:00:00,6103.25,6106.75,6100.25,6103.5,8944
2025-11-17 11:05:00,6099.75,6103.25,6099.25,6101.25,7694
2025-11-17 11:10:00,6101.75,6105.75,6098.25,6102.0,16132
2025-11-17 11:15:00,6104.5,6106.5,6104.0,6105.25,5280
2025-11-17 11:20:00,6106.25,6106.75,6105.25,6106.0,7648
2025-11-17 11:25:00,6102.75,6106.5,6102.75,6104.75,4004
2025-11-17 11:30:00,6105.0,6106.0,6103.0,6104.5,6006
2025-11-17 11:35:00,6104.5,6108.0,6102.5,6105.25,10049
2025-11-17 11:40:00,6105.75,6107.0,6105.5,6106.25,15327
2025-11-17 11:45:00,6105.75,6108.0,6104.5,6106.25,16757
2025-11-17 11:50:00,6106.0,6111.0,6103.0,6107.0,17865
2025-11-17 11:55:00,6104.5,6107.0,6103.0,6105.0,14170
2025-11-17 12:00:00,6105.0,6107.25,6103.25,6105.25,8157
2025-11-17 12:05:00,6109.25,6110.5,6106.5,6108.5,15125
2025-11-17 12:10:00,6105.0,6109.75,6104.75,6107.25,13211
2025-11-17 12:15:00,6107.25,6109.0,6104.5,6106.75,13629
2025-11-17 12:20:00,6106.75,6108.0,6106.5,6107.25,5783
2025-11-17 12:25:00,6107.0,6110.25,6106.25,6108.25,4723
2025-11-17 12:30:00,6109.25,6111.75,6107.25,6109.5,8098
2025-11-17 12:35:00,6111.25,6116.25,6106.25,6111.25,8158
2025-11-17 12:40:00,6113.0,6114.5,6111.0,6112.75,4630
2025-11-17 12:45:00,6113.5,6115.25,6113.25,6114.25,5673
2025-11-17 12:50:00,6115.5,6118.25,6112.25,6115.25,11916
2025-11-17 12:55:00,6118.0,6118.5,6116.5,6117.5,17519
2025-11-17 13:00:00,6119.0,6121.0,6116.5,6118.75,16894
2025-11-17 13:05:00,6118.25,6119.75,6116.25,6118.0,18914
2025-11-17 13:10:00,6120.0,6121.75,6116.75,6119.25,17484
2025-11-17 13:15:00,6119.75,6122.75,6119.25,6121.0,16571
2025-11-17 13:20:00,6121.5,6123.0,6120.0,6121.5,11951
2025-11-17 13:25:00,6121.5,6125.5,6118.0,6121.75,10063
2025-11-17 13:30:00,6121.5,6123.75,6120.25,6122.0,19788
2025-11-17 13:35:00,6126.25,6128.75,6121.75,6125.25,6729
2025-11-17 13:40:00,6125.75,6127.75,6123.75,6125.75,14310
2025-11-17 13:45:00,6127.5,6129.5,6127.0,6128.25,17087
2025-11-17 13:50:00,6131.5,6132.25,6130.25,6131.25,6633
2025-11-17 13:55:00,6134.5,6136.25,6131.75,6134.0,12281
2025-11-17 14:00:00,6134.0,6135.0,6133.0,6134.0,18945
2025-11-17 14:05:00,6133.5,6134.5,6130.5,6132.5,13106
2025-11-17 14:10:00,6135.0,6135.5,6134.0,6134.75,4488
2025-11-17 14:15:00,6134.75,6137.75,6132.25,6135.0,10225
2025-11-17 14:20:00,6135.75,6138.75,6133.75,6136.25,15951
2025-11-17 14:25:00,6140.75,6142.5,6136.5,6139.5,4795
2025-11-17 14:30:00,6138.25,6140.75,6138.25,6139.75,3251
2025-11-17 14:35:00,6139.25,6142.0,6137.5,6139.75,9698
2025-11-17 14:40:00,6140.5,6142.5,6138.0,6140.25,12876
2025-11-17 14:45:00,6140.75,6144.0,6139.0,6141.5,9921
2025-11-17 14:50:00,6146.25,6146.75,6143.25,6145.0,7496
2025-11-17 14:55:00,6146.25,6146.25,6144.75,6145.5,11372
2025-11-17 15:00:00,6148.0,6149.25,6147.25,6148.25,12484
2025-11-17 15:05:00,6149.75,6150.25,6147.75,6149.0,13751
2025-11-17 15:10:00,6151.0,6151.5,6148.0,6149.75,6931
2025-11-17 15:15:00,6149.75,6152.25,6149.75,6151.0,3253
2025-11-17 15:20:00,6147.75,6149.0,6146.5,6147.75,19298
2025-11-17 15:25:00,6147.75,6148.75,6146.75,6147.75,17111
2025-11-17 15:30:00,6149.75,6151.25,6149.25,6150.25,8757
2025-11-17 15:35:00,6153.0,6153.5,6151.5,6152.5,7233
2025-11-17 15:40:00,6152.5,6154.25,6150.75,6152.5,15458
2025-11-17 15:45:00,6153.0,6154.75,6151.75,6153.25,10540
2025-11-17 15:50:00,6151.75,6152.75,6149.75,6151.25,19392
2025-11-17 15:55:00,6152.25,6152.5,6150.5,6151.5,14605
2025-11-18 06:00:00,6150.25,6152.0,6150.25,6150.5,2126
2025-11-18 06:05:00,6149.0,6149.25,6148.5,6149.0,673
2025-11-18 06:10:00,6149.75,6151.25,6149.25,6149.5,2286
2025-11-18 06:15:00,6148.5,6149.5,6148.25,6148.75,576
2025-11-18 06:20:00,6149.0,6151.5,6148.5,6149.25,2383
2025-11-18 06:25:00,6150.0,6150.0,6149.0,6149.25,818
2025-11-18 06:30:00,6146.0,6148.0,6145.0,6145.5,1782
2025-11-18 06:35:00,6143.25,6146.25,6142.75,6143.25,2858
2025-11-18 06:40:00,6141.5,6142.5,6140.5,6141.5,2258
2025-11-18 06:45:00,6140.0,6141.0,6137.75,6140.5,2848
2025-11-18 06:50:00,6139.25,6139.25,6138.25,6138.75,2156
2025-11-18 06:55:00,6137.0,6137.0,6135.5,6136.0,2210
2025-11-18 07:00:00,6134.0,6135.5,6133.5,6135.25,1685
2025-11-18 07:05:00,6135.75,6136.5,6135.25,6136.5,971
2025-11-18 07:10:00,6137.5,6139.0,6136.75,6137.25,2159
2025-11-18 07:15:00,6137.0,6138.75,6136.0,6137.25,585
2025-11-18 07:20:00,6138.75,6139.5,6136.75,6138.0,1830
2025-11-18 07:25:00,6136.5,6139.0,6136.5,6137.5,1203
2025-11-18 07:30:00,6138.75,6139.25,6138.0,6138.75,2384
2025-11-18 07:35:00,6136.75,6136.75,6134.25,6136.5,1982
2025-11-18 07:40:00,6136.5,6137.5,6136.25,6136.5,860
2025-11-18 07:45:00,6134.25,6135.0,6133.75,6134.75,2288
2025-11-18 07:50:00,6137.5,6137.5,6136.0,6137.0,933
2025-11-18 07:55:00,6136.5,6137.25,6136.25,6136.5,1496
2025-11-18 08:00:00,6136.75,6137.5,6135.25,6137.25,2284
2025-11-18 08:05:00,6138.0,6139.0,6138.0,6138.75,2912
2025-11-18 08:10:00,6137.0,6139.25,6137.0,6137.25,2140
2025-11-18 08:15:00,6136.75,6136.75,6135.5,6135.75,2646
2025-11-18 08:20:00,6133.0,6134.75,6132.5,6133.5,822
2025-11-18 08:25:00,6134.5,6134.5,6133.5,6133.75,2121
2025-11-18 08:30:00,6134.0,6135.25,6134.0,6134.75,1770
2025-11-18 08:35:00,6134.0,6135.75,6133.0,6134.5,1890
2025-11-18 08:40:00,6134.5,6135.75,6134.0,6134.75,1407
2025-11-18 08:45:00,6132.0,6133.75,6132.0,6132.75,1864
2025-11-18 08:50:00,6130.25,6131.0,6129.5,6130.25,1188
2025-11-18 08:55:00,6129.75,6129.75,6127.75,6129.5,812
2025-11-18 09:25:00,6130.0,6130.5,6129.5,6130.0,6181
2025-11-18 09:30:00,6128.25,6132.5,6126.5,6129.5,22386
2025-11-18 09:35:00,6132.5,6134.0,6131.5,6132.75,21710
2025-11-18 09:40:00,6134.5,6134.5,6132.0,6133.25,11353
2025-11-18 09:45:00,6132.0,6133.5,6128.5,6131.0,16448
2025-11-18 09:50:00,6131.75,6132.75,6127.25,6130.0,16504
2025-11-18 09:55:00,6128.25,6131.75,6127.25,6129.5,9839
2025-11-18 10:00:00,6132.25,6133.25,6130.25,6131.75,12742
2025-11-18 10:05:00,6131.25,6135.0,6126.5,6130.75,8368
2025-11-18 10:10:00,6127.25,6128.0,6124.5,6126.25,9798
2025-11-18 10:15:00,6128.25,6132.25,6122.25,6127.25,13387
2025-11-18 10:20:00,6126.25,6127.25,6125.25,6126.25,11464
2025-11-18 10:25:00,6122.5,6126.0,6120.0,6123.0,10685
2025-11-18 10:30:00,6128.5,6129.5,6128.0,6128.75,5469
2025-11-18 10:35:00,6131.5,6132.25,6129.75,6131.0,19191
2025-11-18 10:40:00,6136.25,6137.0,6134.5,6135.75,17709
2025-11-18 10:45:00,6137.0,6138.75,6136.25,6137.5,13590
2025-11-18 10:50:00,6138.25,6141.25,6136.25,6138.75,13359
2025-11-18 10:55:00,6142.75,6144.25,6141.25,6142.75,7946
2025-11-18 11:00:00,6141.25,6143.5,6141.25,6142.5,17410
2025-11-18 11:05:00,6142.5,6145.0,6140.0,6142.5,5237
2025-11-18 11:10:00,6143.0,6146.5,6143.0,6144.75,18365
2025-11-18 11:15:00,6148.0,6149.75,6147.25,6148.5,17490
2025-11-18 11:20:00,6149.0,6150.5,6148.5,6149.5,12922
2025-11-18 11:25:00,6150.25,6152.25,6148.75,6150.5,12000
2025-11-18 11:30:00,6150.25,6153.25,6147.25,6150.25,4840
2025-11-18 11:35:00,6152.5,6153.5,6150.5,6152.0,14532
2025-11-18 11:40:00,6154.0,6154.75,6151.75,6153.25,19624
2025-11-18 11:45:00,6151.25,6154.0,6150.0,6152.0,5431
2025-11-18 11:50:00,6154.75,6156.75,6152.25,6154.5,13171
2025-11-18 11:55:00,6157.25,6159.0,6155.0,6157.0,18130
2025-11-18 12:00:00,6157.5,6159.5,6155.5,6157.5,17808
2025-11-18 12:05:00,6158.5,6159.25,6156.25,6157.75,4232
2025-11-18 12:10:00,6156.75,6158.25,6156.75,6157.5,4864
2025-11-18 12:15:00,6155.0,6155.5,6153.5,6154.5,15082
2025-11-18 12:20:00,6155.5,6159.5,6152.0,6155.75,12406
2025-11-18 12:25:00,6152.5,6156.0,6150.5,6153.25,5514
2025-11-18 12:30:00,6155.25,6158.25,6153.75,6156.0,5958
2025-11-18 12:35:00,6154.25,6156.25,6153.75,6155.0,19615
2025-11-18 12:40:00,6154.75,6157.5,6154.5,6156.0,15598
2025-11-18 12:45:00,6153.0,6154.5,6152.5,6153.5,18162
2025-11-18 12:50:00,6154.5,6155.25,6151.75,6153.5,4344
2025-11-18 12:55:00,6154.5,6155.25,6152.75,6154.0,17736
2025-11-18 13:00:00,6153.25,6153.75,6151.75,6152.75,9168
2025-11-18 13:05:00,6154.0,6158.25,6150.75,6154.5,13535
2025-11-18 13:10:00,6154.25,6155.0,6153.0,6154.0,18585
2025-11-18 13:15:00,6156.75,6158.5,6155.5,6157.0,19428
2025-11-18 13:20:00,6160.5,6160.75,6158.25,6159.5,7943
2025-11-18 13:25:00,6159.75,6163.25,6158.25,6160.75,5027
2025-11-18 13:30:00,6160.25,6161.0,6157.5,6159.25,17762
2025-11-18 13:35:00,6163.5,6164.75,6160.75,6162.75,6391
2025-11-18 13:40:00,6163.5,6165.25,6160.25,6162.75,14253
2025-11-18 13:45:00,6164.5,6165.25,6163.25,6164.25,5763
2025-11-18 13:50:00,6166.5,6168.25,6162.75,6165.5,19533
2025-11-18 13:55:00,6167.5,6169.0,6165.0,6167.0,8654
2025-11-18 14:00:00,6166.0,6169.0,6165.0,6167.0,4282
2025-11-18 14:05:00,6169.75,6172.0,6167.0,6169.5,11118
2025-11-18 14:10:00,6169.0,6170.5,6167.5,6169.0,17344
2025-11-18 14:15:00,6167.0,6169.0,6166.0,6167.5,17398
2025-11-18 14:20:00,6169.75,6170.25,6168.75,6169.5,8201
2025-11-18 14:25:00,6168.5,6170.5,6167.0,6168.75,14924
2025-11-18 14:30:00,6170.25,6174.0,6167.5,6170.75,15217
2025-11-18 14:35:00,6172.25,6177.25,6169.25,6173.25,12269
2025-11-18 14:40:00,6171.25,6175.25,6169.75,6172.5,15694
2025-11-18 14:45:00,6174.25,6175.0,6173.0,6174.0,16394
2025-11-18 14:50:00,6176.25,6177.0,6174.5,6175.75,14087
2025-11-18 14:55:00,6177.25,6179.0,6174.0,6176.5,4715
2025-11-18 15:00:00,6176.25,6178.75,6174.25,6176.5,13965
2025-11-18 15:05:00,6176.25,6177.5,6174.5,6176.0,5159
2025-11-18 15:10:00,6177.0,6179.25,6175.25,6177.25,13803
2025-11-18 15:15:00,6181.25,6181.25,6178.25,6179.75,6096
2025-11-18 15:20:00,6181.25,6184.75,6179.75,6182.25,15666
2025-11-18 15:25:00,6183.75,6185.0,6183.5,6184.25,12310
2025-11-18 15:30:00,6185.75,6187.5,6183.0,6185.25,11257
2025-11-18 15:35:00,6184.25,6186.5,6183.0,6184.75,7927
2025-11-18 15:40:00,6185.75,6187.25,6184.75,6186.0,13923
2025-11-18 15:45:00,6189.5,6190.25,6185.75,6188.0,5670
2025-11-18 15:50:00,6186.25,6187.75,6184.25,6186.0,7634
2025-11-18 15:55:00,6187.75,6188.75,6186.75,6187.75,14462
2025-11-19 06:00:00,6188.75,6188.75,6186.75,6188.25,2105
2025-11-19 06:05:00,6189.25,6190.5,6189.25,6189.5,1028
2025-11-19 06:10:00,6188.25,6188.25,6187.5,6188.0,2937
2025-11-19 06:15:00,6186.5,6188.25,6185.5,6186.5,847
2025-11-19 06:20:00,6187.25,6188.25,6187.0,6187.75,1768
2025-11-19 06:25:00,6189.75,6190.0,6189.5,6190.0,2789
2025-11-19 06:30:00,6191.25,6191.75,6190.5,6191.25,2042
2025-11-19 06:35:00,6190.0,6191.25,6189.0,6189.5,1845
2025-11-19 06:40:00,6190.25,6190.75,6189.75,6189.75,1023
2025-11-19 06:45:00,6190.0,6190.75,6188.5,6189.5,2656
2025-11-19 06:50:00,6188.75,6189.75,6188.25,6188.75,882
2025-11-19 06:55:00,6189.5,6191.75,6189.5,6189.5,2234
2025-11-19 07:00:00,6189.75,6190.25,6188.5,6189.0,2582
2025-11-19 07:05:00,6189.5,6189.75,6187.0,6188.75,1982
2025-11-19 07:10:00,6187.25,6187.25,6186.75,6187.0,574
2025-11-19 07:15:00,6187.0,6188.75,6187.0,6188.0,1985
2025-11-19 07:20:00,6190.0,6190.75,6190.0,6190.25,1765
2025-11-19 07:25:00,6192.0,6194.75,6192.0,6192.0,1238
2025-11-19 07:30:00,6191.75,6193.0,6190.25,6191.25,1377
2025-11-19 07:35:00,6191.5,6193.0,6191.0,6191.75,1899
2025-11-19 07:40:00,6193.25,6194.0,6192.0,6193.5,2491
2025-11-19 07:45:00,6192.5,6194.75,6192.5,6194.0,1286
2025-11-19 07:50:00,6193.25,6196.0,6192.75,6194.75,1427
2025-11-19 07:55:00,6196.75,6196.75,6195.75,6196.0,1063
2025-11-19 08:00:00,6197.0,6198.5,6195.5,6197.0,1134
2025-11-19 08:05:00,6194.75,6194.75,6194.25,6194.5,816
2025-11-19 08:10:00,6195.5,6195.5,6193.75,6194.5,1711
2025-11-19 08:15:00,6193.5,6195.0,6193.5,6194.0,914
2025-11-19 08:20:00,6196.0,6196.5,6195.75,6196.25,2579
2025-11-19 08:25:00,6198.0,6198.0,6196.5,6197.25,2710
2025-11-19 08:30:00,6195.25,6196.0,6195.25,6196.0,2656
2025-11-19 08:35:00,6196.25,6197.75,6196.0,6196.75,654
2025-11-19 08:40:00,6198.0,6198.75,6197.0,6197.75,1879
2025-11-19 08:45:00,6197.25,6198.0,6196.0,6197.5,1036
2025-11-19 08:50:00,6195.5,6196.75,6195.25,6196.0,2946
2025-11-19 08:55:00,6193.75,6194.25,6193.75,6193.75,2043
2025-11-19 09:25:00,6194.75,6195.25,6194.25,6194.75,3263
2025-11-19 09:30:00,6195.5,6197.25,6194.25,6195.75,10424
2025-11-19 09:35:00,6197.0,6200.25,6193.25,6196.75,19341
2025-11-19 09:40:00,6194.25,6198.75,6192.75,6195.75,6431
2025-11-19 09:45:00,6197.5,6199.25,6194.75,6197.0,18463
2025-11-19 09:50:00,6196.25,6200.5,6193.0,6196.75,16937
2025-11-19 09:55:00,6198.25,6199.75,6197.75,6198.75,12783
2025-11-19 10:00:00,6200.25,6201.75,6198.25,6200.0,19555
2025-11-19 10:05:00,6202.75,6202.75,6199.25,6200.25,14336
2025-11-19 10:10:00,6202.5,6205.0,6200.0,6202.5,19710
2025-11-19 10:15:00,6204.5,6206.5,6202.5,6204.5,12667
2025-11-19 10:20:00,6200.75,6205.25,6200.75,6204.0,22498
2025-11-19 10:25:00,6206.0,6206.5,6202.5,6204.5,12837
2025-11-19 10:30:00,6204.5,6207.0,6202.0,6204.5,13140
2025-11-19 10:35:00,6202.5,6203.75,6200.75,6202.25,18368
2025-11-19 10:40:00,6204.0,6206.0,6202.0,6204.0,9357
2025-11-19 10:45:00,6201.75,6203.0,6199.5,6201.25,15053
2025-11-19 10:50:00,6202.5,6203.0,6201.5,6202.25,17437
2025-11-19 10:55:00,6205.5,6206.75,6204.25,6205.5,18128
2025-11-19 11:00:00,6203.25,6205.25,6201.25,6203.25,12233
2025-11-19 11:05:00,6205.0,6206.5,6204.0,6205.25,15513
2025-11-19 11:10:00,6204.5,6205.75,6202.75,6204.25,19479
2025-11-19 11:15:00,6200.5,6203.75,6198.25,6201.0,16718
2025-11-19 11:20:00,6203.0,6205.25,6199.75,6202.5,8310
2025-11-19 11:25:00,6203.0,6205.0,6202.5,6203.75,9543
2025-11-19 11:30:00,6204.0,6206.75,6201.75,6204.25,7535
2025-11-19 11:35:00,6206.25,6208.25,6204.25,6206.25,11192
2025-11-19 11:40:00,6204.0,6205.75,6202.25,6204.0,4709
2025-11-19 11:45:00,6199.25,6201.25,6197.25,6199.25,18747
2025-11-19 11:50:00,6199.25,6204.25,6199.25,6201.75,15163
2025-11-19 11:55:00,6201.0,6203.5,6201.0,6202.25,6361
2025-11-19 12:00:00,6200.0,6205.25,6195.25,6200.25,19905
2025-11-19 12:05:00,6200.25,6203.5,6200.0,6201.75,7085
2025-11-19 12:10:00,6201.0,6202.5,6200.0,6201.25,12340
2025-11-19 12:15:00,6201.0,6202.25,6199.75,6201.0,5748
2025-11-19 12:20:00,6197.0,6200.0,6197.0,6198.5,8253
2025-11-19 12:25:00,6195.0,6196.25,6192.75,6194.5,11938
2025-11-19 12:30:00,6194.0,6197.25,6191.75,6194.5,17723
2025-11-19 12:35:00,6193.75,6197.5,6191.0,6194.25,19821
2025-11-19 12:40:00,6195.5,6198.75,6192.75,6195.75,7828
2025-11-19 12:45:00,6198.0,6201.0,6194.0,6197.5,17335
2025-11-19 12:50:00,6195.75,6197.25,6194.75,6196.0,6005
2025-11-19 12:55:00,6199.25,6200.75,6196.75,6198.75,10275
2025-11-19 13:00:00,6198.0,6199.25,6197.25,6198.25,17782
2025-11-19 13:05:00,6196.5,6197.25,6195.75,6196.5,14455
2025-11-19 13:10:00,6197.5,6198.0,6196.0,6197.0,3873
2025-11-19 13:15:00,6199.75,6201.25,6196.75,6199.0,16595
2025-11-19 13:20:00,6197.25,6198.5,6195.0,6196.75,4745
2025-11-19 13:25:00,6192.75,6194.0,6192.0,6193.0,15991
2025-11-19 13:30:00,6191.25,6194.5,6189.0,6191.75,19449
2025-11-19 13:35:00,6190.75,6191.0,6189.5,6190.25,15253
2025-11-19 13:40:00,6190.75,6192.75,6187.75,6190.25,10725
2025-11-19 13:45:00,6185.75,6187.75,6184.75,6186.25,15653
2025-11-19 13:50:00,6189.5,6192.25,6182.75,6187.5,5674
2025-11-19 13:55:00,6190.0,6190.0,6188.0,6189.0,15285
2025-11-19 14:00:00,6194.75,6196.0,6192.0,6194.0,10357
2025-11-19 14:05:00,6194.25,6195.5,6193.5,6194.5,3923
2025-11-19 14:10:00,6192.0,6194.75,6191.25,6193.0,13442
2025-11-19 14:15:00,6193.25,6196.25,6189.75,6193.0,6246
2025-11-19 14:20:00,6192.75,6194.25,6192.25,6193.25,13986
2025-11-19 14:25:00,6198.5,6202.25,6196.75,6199.5,7785
2025-11-19 14:30:00,6199.25,6201.75,6198.25,6200.0,7508
2025-11-19 14:35:00,6196.75,6198.75,6195.75,6197.25,4255
2025-11-19 14:40:00,6200.25,6201.5,6197.0,6199.25,12400
2025-11-19 14:45:00,6198.0,6199.0,6196.0,6197.5,18481
2025-11-19 14:50:00,6197.75,6198.5,6194.5,6196.5,7547
2025-11-19 14:55:00,6196.5,6198.75,6195.25,6197.0,18371
2025-11-19 15:00:00,6194.75,6196.25,6193.25,6194.75,17699
2025-11-19 15:05:00,6191.5,6193.5,6191.5,6192.75,3172
2025-11-19 15:10:00,6191.25,6192.5,6189.0,6190.75,5596
2025-11-19 15:15:00,6189.5,6192.5,6188.0,6190.25,3622
2025-11-19 15:20:00,6190.5,6191.5,6188.0,6189.75,11386
2025-11-19 15:25:00,6189.25,6191.5,6186.5,6189.0,10066
2025-11-19 15:30:00,6188.75,6189.25,6186.25,6187.75,7899
2025-11-19 15:35:00,6188.75,6190.75,6188.75,6189.75,16869
2025-11-19 15:40:00,6190.25,6192.75,6188.25,6190.5,6643
2025-11-19 15:45:00,6194.75,6196.25,6190.75,6193.5,12440
2025-11-19 15:50:00,6195.25,6196.0,6192.5,6194.25,10786
2025-11-19 15:55:00,6195.0,6196.75,6193.75,6195.25,12868
2025-11-20 06:00:00,6196.0,6196.75,6195.25,6195.5,695
2025-11-20 06:05:00,6192.0,6193.75,6191.25,6192.25,1476
2025-11-20 06:10:00,6193.5,6193.5,6191.75,6193.0,2219
2025-11-20 06:15:00,6191.0,6191.5,6190.75,6191.0,2372
2025-11-20 06:20:00,6189.75,6191.75,6189.0,6190.0,757
2025-11-20 06:25:00,6188.0,6188.5,6187.5,6188.0,954
2025-11-20 06:30:00,6190.25,6190.75,6189.0,6190.0,2547
2025-11-20 06:35:00,6188.0,6188.25,6187.0,6188.0,2944
2025-11-20 06:40:00,6188.75,6189.0,6187.75,6188.75,2695
2025-11-20 06:45:00,6188.75,6190.0,6188.75,6189.25,567
2025-11-20 06:50:00,6191.75,6191.75,6189.5,6191.0,2610
2025-11-20 06:55:00,6190.25,6192.0,6189.0,6191.0,2855
2025-11-20 07:00:00,6189.25,6190.5,6189.0,6189.0,1490
2025-11-20 07:05:00,6186.0,6187.0,6184.75,6185.75,1088
2025-11-20 07:10:00,6185.5,6186.0,6183.75,6185.5,1693
2025-11-20 07:15:00,6184.5,6185.75,6183.0,6185.5,2258
2025-11-20 07:20:00,6186.25,6186.5,6186.0,6186.5,506
2025-11-20 07:25:00,6187.0,6187.25,6183.5,6186.5,1945
2025-11-20 07:30:00,6184.25,6185.75,6184.25,6185.25,1485
2025-11-20 07:35:00,6185.25,6185.5,6183.5,6184.75,2837
2025-11-20 07:40:00,6186.25,6186.25,6185.25,6185.5,2206
2025-11-20 07:45:00,6186.5,6186.5,6186.25,6186.5,1267
2025-11-20 07:50:00,6185.75,6187.75,6183.75,6185.75,850
2025-11-20 07:55:00,6186.25,6186.25,6185.5,6186.25,2644
2025-11-20 08:00:00,6183.25,6186.0,6182.5,6183.75,1977
2025-11-20 08:05:00,6182.5,6184.25,6182.5,6183.0,777
2025-11-20 08:10:00,6185.25,6185.75,6184.5,6185.0,2654
2025-11-20 08:15:00,6189.25,6190.75,6187.75,6188.5,2728
2025-11-20 08:20:00,6189.0,6189.5,6187.25,6189.0,2578
2025-11-20 08:25:00,6186.75,6188.5,6186.75,6187.75,2579
2025-11-20 08:30:00,6188.0,6188.75,6187.5,6187.75,2769
2025-11-20 08:35:00,6187.75,6188.5,6187.75,6188.25,583
2025-11-20 08:40:00,6186.5,6187.25,6186.5,6186.5,2099
2025-11-20 08:45:00,6185.5,6186.0,6184.75,6185.75,2425
2025-11-20 08:50:00,6183.75,6184.5,6183.5,6183.75,678
2025-11-20 08:55:00,6185.75,6186.25,6185.75,6186.25,2084
2025-11-20 09:25:00,6186.0,6186.5,6185.5,6186.0,5058
2025-11-20 09:30:00,6187.75,6191.5,6183.5,6187.5,5532
2025-11-20 09:35:00,6189.0,6189.0,6187.0,6188.0,16701
2025-11-20 09:40:00,6188.0,6193.0,6185.0,6189.0,7213
2025-11-20 09:45:00,6188.5,6190.75,6188.25,6189.5,16298
2025-11-20 09:50:00,6191.5,6197.25,6185.75,6191.5,12901
2025-11-20 09:55:00,6192.0,6194.0,6191.5,6192.75,8396
2025-11-20 10:00:00,6188.5,6192.5,6187.5,6190.0,24067
2025-11-20 10:05:00,6193.0,6194.5,6192.0,6193.25,15895
2025-11-20 10:10:00,6194.5,6198.5,6192.0,6195.25,9371
2025-11-20 10:15:00,6196.25,6198.75,6192.75,6195.75,6452
2025-11-20 10:20:00,6197.0,6197.75,6195.25,6196.5,16544
2025-11-20 10:25:00,6197.25,6200.25,6194.25,6197.25,22891
2025-11-20 10:30:00,6199.0,6200.0,6198.5,6199.25,8737
2025-11-20 10:35:00,6206.0,6207.75,6206.0,6207.0,18224
2025-11-20 10:40:00,6208.5,6208.75,6205.75,6207.25,18680
2025-11-20 10:45:00,6207.75,6210.25,6204.25,6207.25,8972
2025-11-20 10:50:00,6205.75,6207.5,6204.5,6206.0,7418
2025-11-20 10:55:00,6206.25,6208.5,6205.0,6206.75,5067
2025-11-20 11:00:00,6207.25,6208.0,6206.5,6207.25,17997
2025-11-20 11:05:00,6209.0,6209.75,6206.75,6208.25,4211
2025-11-20 11:10:00,6208.5,6211.25,6208.25,6209.75,12615
2025-11-20 11:15:00,6211.25,6212.25,6209.25,6210.75,9605
2025-11-20 11:20:00,6210.0,6212.25,6208.75,6210.5,4435
2025-11-20 11:25:00,6211.75,6214.25,6209.75,6212.0,9536
2025-11-20 11:30:00,6214.25,6215.25,6213.25,6214.25,4373
2025-11-20 11:35:00,6215.0,6216.5,6213.0,6214.75,13341
2025-11-20 11:40:00,6219.5,6221.0,6217.0,6219.0,13160
2025-11-20 11:45:00,6219.0,6221.0,6217.0,6219.0,19888
2025-11-20 11:50:00,6219.75,6225.25,6214.75,6220.0,16049
2025-11-20 11:55:00,6217.5,6220.25,6217.5,6219.0,18512
2025-11-20 12:00:00,6220.25,6220.5,6219.0,6219.75,11300
2025-11-20 12:05:00,6222.0,6223.5,6220.5,6222.0,4199
2025-11-20 12:10:00,6222.0,6224.25,6219.25,6221.75,9262
2025-11-20 12:15:00,6220.0,6222.0,6219.5,6220.75,12375
2025-11-20 12:20:00,6221.25,6225.75,6218.75,6222.25,14697
2025-11-20 12:25:00,6220.25,6221.25,6219.25,6220.25,4566
2025-11-20 12:30:00,6221.25,6223.0,6220.0,6221.5,13876
2025-11-20 12:35:00,6221.25,6225.0,6220.5,6222.75,11952
2025-11-20 12:40:00,6222.25,6224.0,6222.0,6223.0,7078
2025-11-20 12:45:00,6226.5,6228.25,6224.75,6226.5,15059
2025-11-20 12:50:00,6226.75,6230.0,6226.5,6228.25,17318
2025-11-20 12:55:00,6228.25,6230.75,6226.25,6228.5,16107
2025-11-20 13:00:00,6227.75,6230.25,6225.75,6228.0,17409
2025-11-20 13:05:00,6228.5,6229.0,6227.0,6228.0,15669
2025-11-20 13:10:00,6233.0,6234.25,6230.25,6232.25,14109
2025-11-20 13:15:00,6232.25,6234.5,6230.0,6232.25,9121
2025-11-20 13:20:00,6233.0,6235.5,6231.0,6233.25,19259
2025-11-20 13:25:00,6235.25,6236.0,6233.5,6234.75,19302
2025-11-20 13:30:00,6235.5,6237.5,6234.5,6236.0,15037
2025-11-20 13:35:00,6235.0,6238.5,6231.5,6235.0,11739
2025-11-20 13:40:00,6237.75,6237.75,6233.25,6235.5,5707
2025-11-20 13:45:00,6235.0,6236.25,6233.25,6234.75,16910
2025-11-20 13:50:00,6237.75,6238.75,6234.25,6236.5,5586
2025-11-20 13:55:00,6237.75,6240.25,6235.75,6238.0,17110
2025-11-20 14:00:00,6238.25,6243.0,6235.5,6239.25,8913
2025-11-20 14:05:00,6242.5,6242.75,6240.75,6241.75,12626
2025-11-20 14:10:00,6243.0,6244.5,6240.5,6242.5,13525
2025-11-20 14:15:00,6244.25,6246.5,6242.0,6244.25,6361
2025-11-20 14:20:00,6244.75,6247.25,6241.25,6244.25,5623
2025-11-20 14:25:00,6245.25,6248.0,6243.5,6245.75,13745
2025-11-20 14:30:00,6245.25,6248.75,6242.75,6245.75,12687
2025-11-20 14:35:00,6244.25,6246.0,6243.5,6244.75,13043
2025-11-20 14:40:00,6244.0,6246.75,6239.25,6243.0,17611
2025-11-20 14:45:00,6243.0,6244.0,6241.5,6242.75,16962
2025-11-20 14:50:00,6246.0,6247.25,6243.25,6245.25,8460
2025-11-20 14:55:00,6245.75,6248.0,6242.5,6245.25,17545
2025-11-20 15:00:00,6247.0,6252.75,6243.25,6248.0,14519
2025-11-20 15:05:00,6250.25,6251.0,6248.5,6249.75,17651
2025-11-20 15:10:00,6247.75,6251.0,6245.5,6248.25,4387
2025-11-20 15:15:00,6249.75,6251.0,6247.5,6249.25,14552
2025-11-20 15:20:00,6252.75,6253.25,6249.75,6251.5,17252
2025-11-20 15:25:00,6254.0,6255.5,6250.5,6253.0,11996
2025-11-20 15:30:00,6254.25,6255.0,6251.0,6253.0,4879
2025-11-20 15:35:00,6253.75,6257.5,6251.5,6254.5,5458
2025-11-20 15:40:00,6257.25,6258.25,6256.25,6257.25,16310
2025-11-20 15:45:00,6259.5,6261.0,6257.5,6259.25,14904
2025-11-20 15:50:00,6260.5,6261.0,6258.5,6259.75,19812
2025-11-20 15:55:00,6262.25,6262.75,6260.25,6261.5,8242
2025-11-21 06:00:00,6260.75,6262.0,6260.5,6261.25,1084
2025-11-21 06:05:00,6260.75,6262.0,6260.0,6260.75,2988
2025-11-21 06:10:00,6259.75,6260.0,6258.25,6259.75,2294
2025-11-21 06:15:00,6259.0,6260.0,6259.0,6259.5,642
2025-11-21 06:20:00,6261.25,6261.5,6261.0,6261.25,1017
2025-11-21 06:25:00,6259.75,6260.75,6259.75,6260.5,775
2025-11-21 06:30:00,6260.25,6260.25,6259.5,6259.75,1466
2025-11-21 06:35:00,6258.0,6259.0,6258.0,6258.5,2000
2025-11-21 06:40:00,6258.25,6258.75,6257.0,6258.0,1983
2025-11-21 06:45:00,6256.25,6256.25,6255.25,6255.5,2068
2025-11-21 06:50:00,6255.0,6257.25,6253.0,6255.0,2823
2025-11-21 06:55:00,6256.5,6256.5,6255.75,6256.0,632
2025-11-21 07:00:00,6254.75,6256.25,6253.5,6255.25,2978
2025-11-21 07:05:00,6252.5,6252.75,6252.5,6252.5,1128
2025-11-21 07:10:00,6251.75,6253.5,6251.75,6252.5,2342
2025-11-21 07:15:00,6255.25,6255.25,6254.0,6254.5,2019
2025-11-21 07:20:00,6252.75,6254.0,6251.75,6252.75,2023
2025-11-21 07:25:00,6252.5,6254.25,6251.0,6253.5,2318
2025-11-21 07:30:00,6254.25,6255.0,6254.0,6254.5,814
2025-11-21 07:35:00,6253.25,6255.0,6252.5,6253.25,2850
2025-11-21 07:40:00,6254.25,6256.75,6254.0,6255.25,1063
2025-11-21 07:45:00,6254.25,6254.5,6254.25,6254.25,2668
2025-11-21 07:50:00,6252.5,6253.0,6252.0,6252.25,2003
2025-11-21 07:55:00,6249.25,6249.75,6248.25,6249.5,2130
2025-11-21 08:00:00,6250.25,6250.25,6249.5,6250.25,1787
2025-11-21 08:05:00,6248.5,6249.25,6247.75,6248.0,1641
2025-11-21 08:10:00,6247.75,6247.75,6246.5,6247.25,1522
2025-11-21 08:15:00,6245.25,6247.0,6245.25,6246.25,964
2025-11-21 08:20:00,6245.0,6246.75,6245.0,6245.5,606
2025-11-21 08:25:00,6247.25,6247.25,6246.75,6247.0,1262
2025-11-21 08:30:00,6247.5,6248.5,6247.5,6248.5,2544
2025-11-21 08:35:00,6247.25,6248.0,6247.25,6247.5,2620
2025-11-21 08:40:00,6249.0,6249.0,6248.5,6248.5,2085
2025-11-21 08:45:00,6248.75,6249.0,6248.5,6249.0,2800
2025-11-21 08:50:00,6247.75,6248.25,6247.0,6247.75,982
2025-11-21 08:55:00,6245.0,6247.5,6245.0,6245.75,1572
2025-11-21 09:25:00,6245.25,6245.75,6244.75,6245.25,4132
2025-11-21 09:30:00,6245.0,6250.5,6241.5,6246.0,12031
2025-11-21 09:35:00,6248.25,6252.75,6245.25,6249.0,14357
2025-11-21 09:40:00,6248.5,6251.75,6245.75,6248.75,21095
2025-11-21 09:45:00,6250.25,6251.5,6247.0,6249.25,11559
2025-11-21 09:50:00,6247.75,6252.75,6242.75,6247.75,9018
2025-11-21 09:55:00,6248.75,6250.5,6247.5,6249.0,9447
2025-11-21 10:00:00,6250.25,6253.75,6245.75,6249.75,7426
2025-11-21 10:05:00,6249.0,6251.25,6247.25,6249.25,19812
2025-11-21 10:10:00,6254.0,6255.25,6252.75,6254.0,10657
2025-11-21 10:15:00,6255.25,6256.5,6250.0,6253.25,19585
2025-11-21 10:20:00,6255.0,6256.25,6253.75,6255.0,7876
2025-11-21 10:25:00,6249.75,6252.0,6247.0,6249.5,15472
2025-11-21 10:30:00,6256.5,6258.5,6255.0,6256.75,5127
2025-11-21 10:35:00,6258.5,6261.0,6256.5,6258.75,12514
2025-11-21 10:40:00,6263.5,6266.0,6263.0,6264.5,8161
2025-11-21 10:45:00,6263.25,6266.75,6263.25,6265.0,8704
2025-11-21 10:50:00,6268.75,6270.0,6266.5,6268.25,14845
2025-11-21 10:55:00,6269.0,6272.0,6266.5,6269.25,19670
2025-11-21 11:00:00,6269.25,6273.5,6269.0,6271.25,10347
2025-11-21 11:05:00,6271.75,6272.75,6270.75,6271.75,6976
2025-11-21 11:10:00,6274.0,6275.5,6272.0,6273.75,9585
2025-11-21 11:15:00,6276.75,6279.25,6273.25,6276.25,7550
2025-11-21 11:20:00,6276.75,6280.5,6275.5,6278.0,10757
2025-11-21 11:25:00,6278.25,6279.5,6276.0,6277.75,19188
2025-11-21 11:30:00,6277.25,6279.75,6275.75,6277.75,3861
2025-11-21 11:35:00,6280.0,6281.0,6279.5,6280.25,14825
2025-11-21 11:40:00,6280.5,6283.75,6278.25,6281.0,15088
2025-11-21 11:45:00,6283.75,6284.75,6282.75,6283.75,18315
2025-11-21 11:50:00,6288.0,6290.5,6286.0,6288.25,7252
2025-11-21 11:55:00,6288.5,6289.5,6285.0,6287.25,5825
2025-11-21 12:00:00,6290.25,6293.0,6288.0,6290.5,5154
2025-11-21 12:05:00,6292.25,6294.0,6287.5,6290.75,13134
2025-11-21 12:10:00,6293.25,6293.75,6290.75,6292.25,16046
2025-11-21 12:15:00,6291.25,6292.75,6290.25,6291.5,18684
2025-11-21 12:20:00,6292.25,6294.0,6292.25,6293.25,16460
2025-11-21 12:25:00,6294.25,6296.5,6292.0,6294.25,16416
2025-11-21 12:30:00,6296.25,6298.5,6294.0,6296.25,5416
2025-11-21 12:35:00,6296.0,6297.75,6294.25,6296.0,7106
2025-11-21 12:40:00,6298.25,6300.25,6295.25,6297.75,13388
2025-11-21 12:45:00,6299.0,6301.25,6296.75,6299.0,5430
2025-11-21 12:50:00,6298.75,6300.25,6297.75,6299.0,17744
2025-11-21 12:55:00,6297.75,6302.0,6294.5,6298.25,18264
2025-11-21 13:00:00,6299.25,6302.0,6296.5,6299.25,19952
2025-11-21 13:05:00,6304.25,6305.25,6300.75,6303.0,14289
2025-11-21 13:10:00,6304.0,6307.0,6302.0,6304.5,7205
2025-11-21 13:15:00,6305.25,6309.0,6299.5,6304.25,8962
2025-11-21 13:20:00,6307.0,6308.75,6305.75,6307.25,7228
2025-11-21 13:25:00,6307.75,6308.25,6305.75,6307.0,17176
2025-11-21 13:30:00,6305.0,6306.5,6304.0,6305.25,19477
2025-11-21 13:35:00,6306.0,6307.75,6304.75,6306.25,4815
2025-11-21 13:40:00,6307.75,6308.0,6306.0,6307.0,7068
2025-11-21 13:45:00,6307.5,6309.5,6307.5,6308.5,19977
2025-11-21 13:50:00,6308.75,6310.75,6306.75,6308.75,8014
2025-11-21 13:55:00,6311.25,6314.0,6307.0,6310.5,12965
2025-11-21 14:00:00,6309.5,6313.0,6309.5,6311.5,8395
2025-11-21 14:05:00,6312.25,6313.25,6310.75,6312.0,8307
2025-11-21 14:10:00,6311.25,6313.75,6311.25,6312.5,13572
2025-11-21 14:15:00,6313.25,6313.5,6310.5,6312.0,10388
2025-11-21 14:20:00,6313.5,6314.0,6311.5,6312.75,14338
2025-11-21 14:25:00,6311.75,6313.5,6311.0,6312.25,12307
2025-11-21 14:30:00,6314.5,6315.25,6313.25,6314.25,5584
2025-11-21 14:35:00,6315.5,6315.75,6312.25,6314.0,11211
2025-11-21 14:40:00,6313.5,6314.5,6312.0,6313.25,9432
2025-11-21 14:45:00,6313.25,6316.75,6313.25,6315.25,11993
2025-11-21 14:50:00,6316.75,6320.0,6316.0,6318.0,7101
2025-11-21 14:55:00,6319.0,6321.0,6315.0,6318.0,12922
2025-11-21 15:00:00,6320.25,6321.25,6319.25,6320.25,6061
2025-11-21 15:05:00,6320.0,6323.25,6318.25,6320.75,19468
2025-11-21 15:10:00,6320.25,6322.5,6318.0,6320.25,8525
2025-11-21 15:15:00,6323.0,6324.75,6321.25,6323.0,8052
2025-11-21 15:20:00,6321.5,6323.25,6321.5,6322.5,8609
2025-11-21 15:25:00,6323.0,6325.5,6319.5,6322.5,14063
2025-11-21 15:30:00,6325.25,6327.5,6321.0,6324.25,4349
2025-11-21 15:35:00,6328.25,6329.5,6328.0,6328.75,3929
2025-11-21 15:40:00,6333.75,6336.5,6331.0,6333.75,5661
2025-11-21 15:45:00,6335.0,6337.5,6332.0,6334.75,4489
2025-11-21 15:50:00,6334.5,6337.0,6332.5,6334.75,11672
2025-11-21 15:55:00,6333.5,6334.75,6333.25,6334.0,9907
