Trade #,Type,Date and time,Signal,Price USD,Position size (qty),Position size (value),Net P&L USD,Net P&L %,Favorable excursion USD,Favorable excursion %,Adverse excursion USD,Adverse excursion %,Cumulative P&L USD,Cumulative P&L %
1.0,Exit long,2025-02-18 10:20,VA_LX,6135.75,1.0,306987.5,-205.0,-0.07,97.5,0.03,-202.5,-0.07,-205.0,-0.2
1.0,Entry long,2025-02-18 09:55,VA_L,6139.75,1.0,306987.5,-205.0,-0.07,97.5,0.03,-202.5,-0.07,-205.0,-0.2
2.0,Exit short,2025-02-18 14:50,IB_SX,6136.25,1.0,306087.5,-730.0,-0.24,172.5,0.06,-727.5,-0.24,-935.0,-0.93
2.0,Entry short,2025-02-18 13:10,IB_S,6121.75,1.0,306087.5,-730.0,-0.24,172.5,0.06,-727.5,-0.24,-935.0,-0.93
3.0,Exit short,2025-02-19 09:55,VA_SX,6134.75,1.0,306925.0,182.5,0.06,185.0,0.06,-27.5,-0.01,-752.5,-0.75
3.0,Entry short,2025-02-19 09:50,VA_S,6138.5,1.0,306925.0,182.5,0.06,185.0,0.06,-27.5,-0.01,-752.5,-0.75
4.0,Exit short,2025-02-21 12:30,IB_SX,6050.25,1.0,304387.5,1870.0,0.61,1872.5,0.62,-877.5,-0.29,1117.5,1.12
4.0,Entry short,2025-02-21 09:45,IB_S,6087.75,1.0,304387.5,1870.0,0.61,1872.5,0.62,-877.5,-0.29,1117.5,1.12
5.0,Exit long,2025-02-24 12:55,VA_LX,6034.0,1.0,302162.5,-467.5,-0.15,260.0,0.09,-465.0,-0.15,650.0,0.65
5.0,Entry long,2025-02-24 11:20,VA_L,6043.25,1.0,302162.5,-467.5,-0.15,260.0,0.09,-465.0,-0.15,650.0,0.65
6.0,Exit short,2025-02-26 12:25,VA_SX,5965.75,1.0,299050.0,757.5,0.25,760.0,0.25,-227.5,-0.08,1407.5,1.41
6.0,Entry short,2025-02-26 12:05,VA_S,5981.0,1.0,299050.0,757.5,0.25,760.0,0.25,-227.5,-0.08,1407.5,1.41
7.0,Exit long,2025-02-26 13:20,VA_LX,5966.0,1.0,297625.0,670.0,0.23,672.5,0.23,-352.5,-0.12,2077.5,2.08
7.0,Entry long,2025-02-26 13:05,VA_L,5952.5,1.0,297625.0,670.0,0.23,672.5,0.23,-352.5,-0.12,2077.5,2.08
8.0,Exit long,2025-02-27 10:50,VA_LX,5958.5,1.0,298400.0,-480.0,-0.16,410.0,0.14,-477.5,-0.16,1597.5,1.6
8.0,Entry long,2025-02-27 10:30,VA_L,5968.0,1.0,298400.0,-480.0,-0.16,410.0,0.14,-477.5,-0.16,1597.5,1.6
9.0,Exit short,2025-02-27 15:00,RTH End,5878.0,1.0,295975.0,2070.0,0.7000000000000001,2322.5,0.78,-327.5,-0.11,3667.5,3.67
9.0,Entry short,2025-02-27 13:35,IB_S,5919.5,1.0,295975.0,2070.0,0.7000000000000001,2322.5,0.78,-327.5,-0.11,3667.5,3.67
10.0,Exit long,2025-02-28 10:15,IB_LX,5892.25,1.0,295637.5,-1030.0,-0.35000000000000003,72.5,0.02,-1027.5,-0.35000000000000003,2637.5,2.64
10.0,Entry long,2025-02-28 10:00,IB_L,5912.75,1.0,295637.5,-1030.0,-0.35000000000000003,72.5,0.02,-1027.5,-0.35000000000000003,2637.5,2.64
11.0,Exit short,2025-02-28 12:25,IB_SX,5870.5,1.0,292500.0,-1030.0,-0.35000000000000003,97.5,0.03,-1027.5,-0.35000000000000003,1607.5,1.61
11.0,Entry short,2025-02-28 12:20,IB_S,5850.0,1.0,292500.0,-1030.0,-0.35000000000000003,97.5,0.03,-1027.5,-0.35000000000000003,1607.5,1.61
12.0,Exit short,2025-03-03 14:10,IB_SX,5856.5,1.0,296125.0,3295.0,1.11,3297.5,1.11,-352.5,-0.12,4902.5,4.9
12.0,Entry short,2025-03-03 12:10,IB_S,5922.5,1.0,296125.0,3295.0,1.11,3297.5,1.11,-352.5,-0.12,4902.5,4.9
13.0,Exit short,2025-03-05 11:00,IB_SX,5789.25,1.0,288437.5,-1030.0,-0.36,897.5,0.31,-1027.5,-0.36,3872.5,3.87
13.0,Entry short,2025-03-05 10:15,IB_S,5768.75,1.0,288437.5,-1030.0,-0.36,897.5,0.31,-1027.5,-0.36,3872.5,3.87
14.0,Exit long,2025-03-05 12:05,IB_LX,5800.75,1.0,291075.0,-1042.5,-0.36,522.5,0.18,-1040.0,-0.36,2830.0,2.83
14.0,Entry long,2025-03-05 11:55,IB_L,5821.5,1.0,291075.0,-1042.5,-0.36,522.5,0.18,-1040.0,-0.36,2830.0,2.83
15.0,Exit long,2025-03-06 09:55,IB_LX,5795.0,1.0,290762.5,-1017.5,-0.35000000000000003,235.0,0.08,-1015.0,-0.35000000000000003,1812.5,1.81
15.0,Entry long,2025-03-06 09:40,IB_L,5815.25,1.0,290762.5,-1017.5,-0.35000000000000003,235.0,0.08,-1015.0,-0.35000000000000003,1812.5,1.81
16.0,Exit short,2025-03-06 15:00,RTH End,5748.25,1.0,287562.5,145.0,0.05,1560.0,0.54,-865.0,-0.3,1957.5,1.96
16.0,Entry short,2025-03-06 11:05,IB_S,5751.25,1.0,287562.5,145.0,0.05,1560.0,0.54,-865.0,-0.3,1957.5,1.96
17.0,Exit long,2025-03-07 09:50,VA_LX,5726.5,1.0,286775.0,-455.0,-0.16,147.5,0.05,-452.5,-0.16,1502.5,1.5
17.0,Entry long,2025-03-07 09:50,VA_L,5735.5,1.0,286775.0,-455.0,-0.16,147.5,0.05,-452.5,-0.16,1502.5,1.5
18.0,Exit short,2025-03-07 11:50,IB_SX,5740.75,1.0,286012.5,-1030.0,-0.36,2360.0,0.8300000000000001,-1027.5,-0.36,472.5,0.47000000000000003
18.0,Entry short,2025-03-07 10:05,IB_S,5720.25,1.0,286012.5,-1030.0,-0.36,2360.0,0.8300000000000001,-1027.5,-0.36,472.5,0.47000000000000003
19.0,Exit short,2025-03-11 09:50,IB_SX,5582.5,1.0,278087.5,-1042.5,-0.37,360.0,0.13,-1040.0,-0.37,-570.0,-0.5700000000000001
19.0,Entry short,2025-03-11 09:40,IB_S,5561.75,1.0,278087.5,-1042.5,-0.37,360.0,0.13,-1040.0,-0.37,-570.0,-0.5700000000000001
20.0,Exit short,2025-03-11 13:00,IB_SX,5584.25,1.0,278187.5,-1030.0,-0.37,1485.0,0.53,-1027.5,-0.37,-1600.0,-1.6
20.0,Entry short,2025-03-11 11:15,IB_S,5563.75,1.0,278187.5,-1030.0,-0.37,1485.0,0.53,-1027.5,-0.37,-1600.0,-1.6
21.0,Exit long,2025-03-11 14:00,IB_LX,5616.0,1.0,281825.0,-1030.0,-0.37,97.5,0.03,-1027.5,-0.36,-2630.0,-2.63
21.0,Entry long,2025-03-11 13:55,IB_L,5636.5,1.0,281825.0,-1030.0,-0.37,97.5,0.03,-1027.5,-0.36,-2630.0,-2.63
22.0,Exit long,2025-03-12 10:35,VA_LX,5590.5,1.0,278512.5,1007.5,0.36,1010.0,0.36,-340.0,-0.12,-1622.5,-1.62
22.0,Entry long,2025-03-12 10:20,VA_L,5570.25,1.0,278512.5,1007.5,0.36,1010.0,0.36,-340.0,-0.12,-1622.5,-1.62
23.0,Exit short,2025-03-12 11:45,VA_SX,5621.25,1.0,280137.5,-930.0,-0.33,97.5,0.03,-927.5,-0.33,-2552.5,-2.5500000000000003
23.0,Entry short,2025-03-12 11:45,VA_S,5602.75,1.0,280137.5,-930.0,-0.33,97.5,0.03,-927.5,-0.33,-2552.5,-2.5500000000000003
24.0,Exit short,2025-03-13 15:00,RTH End,5528.75,1.0,277762.5,1320.0,0.48,2297.5,0.8300000000000001,-465.0,-0.17,-1232.5,-1.23
24.0,Entry short,2025-03-13 10:30,IB_S,5555.25,1.0,277762.5,1320.0,0.48,2297.5,0.8300000000000001,-465.0,-0.17,-1232.5,-1.23
25.0,Exit long,2025-03-14 15:00,RTH End,5637.5,1.0,280687.5,1182.5,0.42,1747.5,0.62,-177.5,-0.06,-50.0,-0.05
25.0,Entry long,2025-03-14 10:00,IB_L,5613.75,1.0,280687.5,1182.5,0.42,1747.5,0.62,-177.5,-0.06,-50.0,-0.05
26.0,Exit long,2025-03-17 15:00,RTH End,5680.25,1.0,283900.0,107.5,0.04,1472.5,0.52,-165.0,-0.06,57.5,0.06
26.0,Entry long,2025-03-17 12:40,IB_L,5678.0,1.0,283900.0,107.5,0.04,1472.5,0.52,-165.0,-0.06,57.5,0.06
27.0,Exit short,2025-03-18 13:50,IB_SX,5678.75,1.0,282912.5,-1030.0,-0.36,10.0,0.0,-1027.5,-0.36,-972.5,-0.97
27.0,Entry short,2025-03-18 13:15,IB_S,5658.25,1.0,282912.5,-1030.0,-0.36,10.0,0.0,-1027.5,-0.36,-972.5,-0.97
28.0,Exit long,2025-03-19 12:15,IB_LX,5694.5,1.0,285737.5,-1017.5,-0.36,422.5,0.15,-1015.0,-0.36,-1990.0,-1.99
28.0,Entry long,2025-03-19 10:50,IB_L,5714.75,1.0,285737.5,-1017.5,-0.36,422.5,0.15,-1015.0,-0.36,-1990.0,-1.99
29.0,Exit long,2025-03-19 14:05,IB_LX,5757.5,1.0,285975.0,1895.0,0.66,1897.5,0.66,-402.5,-0.14,-95.0,-0.09
29.0,Entry long,2025-03-19 13:35,IB_L,5719.5,1.0,285975.0,1895.0,0.66,1897.5,0.66,-402.5,-0.14,-95.0,-0.09
30.0,Exit long,2025-03-20 10:30,IB_LX,5742.0,1.0,288125.0,-1030.0,-0.36,135.0,0.05,-1027.5,-0.36,-1125.0,-1.12
30.0,Entry long,2025-03-20 09:45,IB_L,5762.5,1.0,288125.0,-1030.0,-0.36,135.0,0.05,-1027.5,-0.36,-1125.0,-1.12
31.0,Exit short,2025-03-20 11:25,VA_SX,5719.0,1.0,286775.0,820.0,0.29,822.5,0.29,-27.5,-0.01,-305.0,-0.3
31.0,Entry short,2025-03-20 11:20,VA_S,5735.5,1.0,286775.0,820.0,0.29,822.5,0.29,-27.5,-0.01,-305.0,-0.3
32.0,Exit long,2025-03-20 14:20,VA_LX,5719.25,1.0,285325.0,632.5,0.22,635.0,0.22,-290.0,-0.1,327.5,0.33
32.0,Entry long,2025-03-20 13:50,VA_L,5706.5,1.0,285325.0,632.5,0.22,635.0,0.22,-290.0,-0.1,327.5,0.33
33.0,Exit long,2025-03-21 10:40,IB_LX,5667.0,1.0,284375.0,-1030.0,-0.36,172.5,0.06,-1027.5,-0.36,-702.5,-0.7000000000000001
33.0,Entry long,2025-03-21 10:00,IB_L,5687.5,1.0,284375.0,-1030.0,-0.36,172.5,0.06,-1027.5,-0.36,-702.5,-0.7000000000000001
34.0,Exit long,2025-03-24 15:00,RTH End,5813.5,1.0,290537.5,132.5,0.05,735.0,0.25,-102.5,-0.04,-570.0,-0.5700000000000001
34.0,Entry long,2025-03-24 13:55,IB_L,5810.75,1.0,290537.5,132.5,0.05,735.0,0.25,-102.5,-0.04,-570.0,-0.5700000000000001
35.0,Exit long,2025-03-25 10:50,IB_LX,5821.25,1.0,291675.0,-617.5,-0.21,185.0,0.06,-615.0,-0.21,-1187.5,-1.19
35.0,Entry long,2025-03-25 09:40,IB_L,5833.5,1.0,291675.0,-617.5,-0.21,185.0,0.06,-615.0,-0.21,-1187.5,-1.19
36.0,Exit short,2025-03-25 14:40,IB_SX,5822.0,1.0,290550.0,-555.0,-0.19,72.5,0.02,-552.5,-0.19,-1742.5,-1.74
36.0,Entry short,2025-03-25 13:50,IB_S,5811.0,1.0,290550.0,-555.0,-0.19,72.5,0.02,-552.5,-0.19,-1742.5,-1.74
37.0,Exit short,2025-03-26 12:30,IB_SX,5757.25,1.0,289725.0,1857.5,0.64,1860.0,0.64,-265.0,-0.09,115.0,0.12
37.0,Entry short,2025-03-26 10:30,IB_S,5794.5,1.0,289725.0,1857.5,0.64,1860.0,0.64,-265.0,-0.09,115.0,0.12
38.0,Exit long,2025-03-27 11:45,VA_LX,5750.75,1.0,287762.5,-230.0,-0.08,735.0,0.26,-227.5,-0.08,-115.0,-0.11
38.0,Entry long,2025-03-27 11:05,VA_L,5755.25,1.0,287762.5,-230.0,-0.08,735.0,0.26,-227.5,-0.08,-115.0,-0.11
39.0,Exit short,2025-03-28 15:00,RTH End,5625.0,1.0,282737.5,1482.5,0.52,1872.5,0.66,-515.0,-0.18,1367.5,1.37
39.0,Entry short,2025-03-28 09:50,IB_S,5654.75,1.0,282737.5,1482.5,0.52,1872.5,0.66,-515.0,-0.18,1367.5,1.37
40.0,Exit long,2025-03-31 13:10,IB_LX,5629.0,1.0,279087.5,2357.5,0.84,2360.0,0.85,-527.5,-0.19,3725.0,3.72
40.0,Entry long,2025-03-31 09:50,IB_L,5581.75,1.0,279087.5,2357.5,0.84,2360.0,0.85,-527.5,-0.19,3725.0,3.72
41.0,Exit long,2025-04-01 13:10,IB_LX,5636.25,1.0,282837.5,-1030.0,-0.36,1897.5,0.67,-1027.5,-0.36,2695.0,2.7
41.0,Entry long,2025-04-01 09:55,IB_L,5656.75,1.0,282837.5,-1030.0,-0.36,1897.5,0.67,-1027.5,-0.36,2695.0,2.7
42.0,Exit short,2025-04-02 09:55,VA_SX,5680.5,1.0,283587.5,-442.5,-0.16,22.5,0.01,-440.0,-0.16,2252.5,2.25
42.0,Entry short,2025-04-02 09:45,VA_S,5671.75,1.0,283587.5,-442.5,-0.16,22.5,0.01,-440.0,-0.16,2252.5,2.25
43.0,Exit short,2025-04-03 10:30,IB_SX,5488.75,1.0,273412.5,-1030.0,-0.38,660.0,0.24,-1027.5,-0.38,1222.5,1.22
43.0,Entry short,2025-04-03 09:50,IB_S,5468.25,1.0,273412.5,-1030.0,-0.38,660.0,0.24,-1027.5,-0.38,1222.5,1.22
44.0,Exit short,2025-04-03 15:00,RTH End,5436.5,1.0,273350.0,1520.0,0.56,1922.5,0.7000000000000001,-827.5,-0.3,2742.5,2.74
44.0,Entry short,2025-04-03 13:15,IB_S,5467.0,1.0,273350.0,1520.0,0.56,1922.5,0.7000000000000001,-827.5,-0.3,2742.5,2.74
45.0,Exit short,2025-04-08 11:35,IB_SX,5156.5,1.0,261537.5,3707.5,1.42,3710.0,1.42,-402.5,-0.15,6450.0,6.45
45.0,Entry short,2025-04-08 10:10,IB_S,5230.75,1.0,261537.5,3707.5,1.42,3710.0,1.42,-402.5,-0.15,6450.0,6.45
46.0,Exit short,2025-04-08 12:40,VA_SX,5127.75,1.0,255000.0,-1392.5,-0.55,1435.0,0.56,-1390.0,-0.55,5057.5,5.0600000000000005
46.0,Entry short,2025-04-08 12:10,VA_S,5100.0,1.0,255000.0,-1392.5,-0.55,1435.0,0.56,-1390.0,-0.55,5057.5,5.0600000000000005
47.0,Exit long,2025-04-09 12:15,VA_LX,5035.0,1.0,252450.0,-705.0,-0.28,2960.0,1.17,-702.5,-0.28,4352.5,4.3500000000000005
47.0,Entry long,2025-04-09 11:15,VA_L,5049.0,1.0,252450.0,-705.0,-0.28,2960.0,1.17,-702.5,-0.28,4352.5,4.3500000000000005
48.0,Exit short,2025-04-10 10:55,IB_SX,5235.5,1.0,265437.5,3657.5,1.3800000000000001,3660.0,1.3800000000000001,-140.0,-0.05,8010.0,8.01
48.0,Entry short,2025-04-10 10:20,IB_S,5308.75,1.0,265437.5,3657.5,1.3800000000000001,3660.0,1.3800000000000001,-140.0,-0.05,8010.0,8.01
49.0,Exit short,2025-04-11 11:30,VA_SX,5349.75,1.0,266050.0,-1442.5,-0.54,272.5,0.1,-1440.0,-0.54,6567.5,6.57
49.0,Entry short,2025-04-11 11:10,VA_S,5321.0,1.0,266050.0,-1442.5,-0.54,272.5,0.1,-1440.0,-0.54,6567.5,6.57
50.0,Exit short,2025-04-14 13:30,IB_SX,5458.75,1.0,271912.5,-1030.0,-0.38,2360.0,0.87,-1027.5,-0.38,5537.5,5.54
50.0,Entry short,2025-04-14 10:30,IB_S,5438.25,1.0,271912.5,-1030.0,-0.38,2360.0,0.87,-1027.5,-0.38,5537.5,5.54
51.0,Exit short,2025-04-15 15:00,RTH End,5428.25,1.0,271600.0,182.5,0.07,622.5,0.23,-640.0,-0.24,5720.0,5.72
51.0,Entry short,2025-04-15 12:25,IB_S,5432.0,1.0,271600.0,182.5,0.07,622.5,0.23,-640.0,-0.24,5720.0,5.72
52.0,Exit long,2025-04-16 10:50,IB_LX,5374.0,1.0,269725.0,-1030.0,-0.38,322.5,0.12,-1027.5,-0.38,4690.0,4.69
52.0,Entry long,2025-04-16 10:25,IB_L,5394.5,1.0,269725.0,-1030.0,-0.38,322.5,0.12,-1027.5,-0.38,4690.0,4.69
53.0,Exit short,2025-04-16 12:55,IB_SX,5291.0,1.0,266662.5,2107.5,0.79,2110.0,0.79,-465.0,-0.17,6797.5,6.8
53.0,Entry short,2025-04-16 12:35,IB_S,5333.25,1.0,266662.5,2107.5,0.79,2110.0,0.79,-465.0,-0.17,6797.5,6.8
54.0,Exit short,2025-04-17 10:05,IB_SX,5317.5,1.0,264862.5,-1017.5,-0.38,22.5,0.01,-1015.0,-0.38,5780.0,5.78
54.0,Entry short,2025-04-17 10:00,IB_S,5297.25,1.0,264862.5,-1017.5,-0.38,22.5,0.01,-1015.0,-0.38,5780.0,5.78
55.0,Exit long,2025-04-17 14:10,IB_LX,5321.75,1.0,267112.5,-1030.0,-0.39,860.0,0.32,-1027.5,-0.38,4750.0,4.75
55.0,Entry long,2025-04-17 11:30,IB_L,5342.25,1.0,267112.5,-1030.0,-0.39,860.0,0.32,-1027.5,-0.38,4750.0,4.75
56.0,Exit short,2025-04-23 15:00,RTH End,5398.75,1.0,271600.0,1657.5,0.61,2410.0,0.89,-490.0,-0.18,6407.5,6.41
56.0,Entry short,2025-04-23 10:30,IB_S,5432.0,1.0,271600.0,1657.5,0.61,2410.0,0.89,-490.0,-0.18,6407.5,6.41
57.0,Exit short,2025-04-24 10:10,VA_SX,5478.25,1.0,273287.5,-630.0,-0.23,485.0,0.18,-627.5,-0.23,5777.5,5.78
57.0,Entry short,2025-04-24 09:45,VA_S,5465.75,1.0,273287.5,-630.0,-0.23,485.0,0.18,-627.5,-0.23,5777.5,5.78
58.0,Exit long,2025-04-25 15:00,RTH End,5548.0,1.0,276387.5,1007.5,0.36,1335.0,0.48,-827.5,-0.3,6785.0,6.78
58.0,Entry long,2025-04-25 11:25,IB_L,5527.75,1.0,276387.5,1007.5,0.36,1335.0,0.48,-827.5,-0.3,6785.0,6.78
59.0,Exit short,2025-04-28 12:10,IB_SX,5498.0,1.0,276862.5,1957.5,0.71,1960.0,0.71,-452.5,-0.16,8742.5,8.74
59.0,Entry short,2025-04-28 10:10,IB_S,5537.25,1.0,276862.5,1957.5,0.71,1960.0,0.71,-452.5,-0.16,8742.5,8.74
60.0,Exit long,2025-04-29 10:35,IB_LX,5552.25,1.0,278637.5,-1030.0,-0.37,135.0,0.05,-1027.5,-0.37,7712.5,7.71
60.0,Entry long,2025-04-29 10:00,IB_L,5572.75,1.0,278637.5,-1030.0,-0.37,135.0,0.05,-1027.5,-0.37,7712.5,7.71
61.0,Exit long,2025-04-29 11:45,IB_LX,5555.75,1.0,278812.5,-1030.0,-0.37,10.0,0.0,-1027.5,-0.37,6682.5,6.68
61.0,Entry long,2025-04-29 11:10,IB_L,5576.25,1.0,278812.5,-1030.0,-0.37,10.0,0.0,-1027.5,-0.37,6682.5,6.68
62.0,Exit long,2025-04-30 14:50,IB_LX,5580.0,1.0,275950.0,3045.0,1.1,3047.5,1.1,-340.0,-0.12,9727.5,9.73
62.0,Entry long,2025-04-30 10:05,IB_L,5519.0,1.0,275950.0,3045.0,1.1,3047.5,1.1,-340.0,-0.12,9727.5,9.73
63.0,Exit long,2025-05-01 10:55,IB_LX,5646.75,1.0,283362.5,-1030.0,-0.36,760.0,0.27,-1027.5,-0.36,8697.5,8.700000000000001
63.0,Entry long,2025-05-01 09:40,IB_L,5667.25,1.0,283362.5,-1030.0,-0.36,760.0,0.27,-1027.5,-0.36,8697.5,8.700000000000001
64.0,Exit long,2025-05-01 14:50,IB_LX,5645.0,1.0,283212.5,-967.5,-0.34,72.5,0.03,-965.0,-0.34,7730.0,7.73
64.0,Entry long,2025-05-01 13:50,IB_L,5664.25,1.0,283212.5,-967.5,-0.34,72.5,0.03,-965.0,-0.34,7730.0,7.73
65.0,Exit long,2025-05-02 15:00,RTH End,5705.75,1.0,285850.0,-567.5,-0.2,385.0,0.13,-840.0,-0.29,7162.5,7.16
65.0,Entry long,2025-05-02 11:05,IB_L,5717.0,1.0,285850.0,-567.5,-0.2,385.0,0.13,-840.0,-0.29,7162.5,7.16
66.0,Exit long,2025-05-05 15:00,RTH End,5674.25,1.0,284187.5,-480.0,-0.17,1122.5,0.39,-727.5,-0.26,6682.5,6.68
66.0,Entry long,2025-05-05 09:45,IB_L,5683.75,1.0,284187.5,-480.0,-0.17,1122.5,0.39,-727.5,-0.26,6682.5,6.68
67.0,Exit long,2025-05-06 12:40,IB_LX,5627.25,1.0,282387.5,-1030.0,-0.36,1197.5,0.42,-1027.5,-0.36,5652.5,5.65
67.0,Entry long,2025-05-06 09:50,IB_L,5647.75,1.0,282387.5,-1030.0,-0.36,1197.5,0.42,-1027.5,-0.36,5652.5,5.65
68.0,Exit long,2025-05-06 14:55,IB_LX,5628.25,1.0,282425.0,-1017.5,-0.36,147.5,0.05,-1015.0,-0.36,4635.0,4.64
68.0,Entry long,2025-05-06 14:00,IB_L,5648.5,1.0,282425.0,-1017.5,-0.36,147.5,0.05,-1015.0,-0.36,4635.0,4.64
69.0,Exit short,2025-05-07 11:50,IB_SX,5644.25,1.0,281487.5,-730.0,-0.26,485.0,0.17,-727.5,-0.26,3905.0,3.91
69.0,Entry short,2025-05-07 09:55,IB_S,5629.75,1.0,281487.5,-730.0,-0.26,485.0,0.17,-727.5,-0.26,3905.0,3.91
70.0,Exit short,2025-05-07 13:05,IB_SX,5605.25,1.0,281512.5,1245.0,0.44,1247.5,0.44,-577.5,-0.21,5150.0,5.15
70.0,Entry short,2025-05-07 12:55,IB_S,5630.25,1.0,281512.5,1245.0,0.44,1247.5,0.44,-577.5,-0.21,5150.0,5.15
71.0,Exit short,2025-05-08 10:10,IB_SX,5676.5,1.0,282912.5,-917.5,-0.32,35.0,0.01,-915.0,-0.32,4232.5,4.23
71.0,Entry short,2025-05-08 10:05,IB_S,5658.25,1.0,282912.5,-917.5,-0.32,35.0,0.01,-915.0,-0.32,4232.5,4.23
72.0,Exit long,2025-05-08 10:40,IB_LX,5730.75,1.0,284837.5,1695.0,0.6,1697.5,0.6,-277.5,-0.1,5927.5,5.93
72.0,Entry long,2025-05-08 10:25,IB_L,5696.75,1.0,284837.5,1695.0,0.6,1697.5,0.6,-277.5,-0.1,5927.5,5.93
73.0,Exit short,2025-05-09 10:50,IB_SX,5688.25,1.0,283387.5,-1030.0,-0.36,160.0,0.06,-1027.5,-0.36,4897.5,4.9
73.0,Entry short,2025-05-09 09:40,IB_S,5667.75,1.0,283387.5,-1030.0,-0.36,160.0,0.06,-1027.5,-0.36,4897.5,4.9
74.0,Exit short,2025-05-09 14:05,IB_SX,5691.75,1.0,283587.5,-1005.0,-0.35000000000000003,435.0,0.15,-1002.5,-0.35000000000000003,3892.5,3.89
74.0,Entry short,2025-05-09 11:45,IB_S,5671.75,1.0,283587.5,-1005.0,-0.35000000000000003,435.0,0.15,-1002.5,-0.35000000000000003,3892.5,3.89
75.0,Exit long,2025-05-12 15:00,RTH End,5864.0,1.0,292950.0,245.0,0.08,360.0,0.12,-752.5,-0.26,4137.5,4.14
75.0,Entry long,2025-05-12 12:10,IB_L,5859.0,1.0,292950.0,245.0,0.08,360.0,0.12,-752.5,-0.26,4137.5,4.14
76.0,Exit short,2025-05-14 10:20,IB_SX,5912.25,1.0,294800.0,-817.5,-0.28,172.5,0.06,-815.0,-0.28,3320.0,3.3200000000000003
76.0,Entry short,2025-05-14 10:05,IB_S,5896.0,1.0,294800.0,-817.5,-0.28,172.5,0.06,-815.0,-0.28,3320.0,3.3200000000000003
77.0,Exit short,2025-05-14 13:05,IB_SX,5912.25,1.0,294650.0,-967.5,-0.33,97.5,0.03,-965.0,-0.33,2352.5,2.35
77.0,Entry short,2025-05-14 12:25,IB_S,5893.0,1.0,294650.0,-967.5,-0.33,97.5,0.03,-965.0,-0.33,2352.5,2.35
78.0,Exit long,2025-05-15 10:40,IB_LX,5927.75,1.0,295337.5,1045.0,0.35000000000000003,1047.5,0.35000000000000003,-77.5,-0.03,3397.5,3.4
78.0,Entry long,2025-05-15 10:05,IB_L,5906.75,1.0,295337.5,1045.0,0.35000000000000003,1047.5,0.35000000000000003,-77.5,-0.03,3397.5,3.4
79.0,Exit short,2025-05-16 09:55,IB_SX,5940.25,1.0,296300.0,-717.5,-0.24,47.5,0.02,-715.0,-0.24,2680.0,2.68
79.0,Entry short,2025-05-16 09:45,IB_S,5926.0,1.0,296300.0,-717.5,-0.24,47.5,0.02,-715.0,-0.24,2680.0,2.68
80.0,Exit long,2025-05-16 12:35,IB_LX,5967.25,1.0,297562.5,795.0,0.27,797.5,0.27,-77.5,-0.03,3475.0,3.48
80.0,Entry long,2025-05-16 11:15,IB_L,5951.25,1.0,297562.5,795.0,0.27,797.5,0.27,-77.5,-0.03,3475.0,3.48
81.0,Exit short,2025-05-19 11:25,VA_SX,5971.25,1.0,298150.0,-417.5,-0.14,10.0,0.0,-415.0,-0.14,3057.5,3.06
81.0,Entry short,2025-05-19 11:20,VA_S,5963.0,1.0,298150.0,-417.5,-0.14,10.0,0.0,-415.0,-0.14,3057.5,3.06
82.0,Exit long,2025-05-20 10:00,IB_LX,5958.5,1.0,298400.0,-480.0,-0.16,147.5,0.05,-477.5,-0.16,2577.5,2.58
82.0,Entry long,2025-05-20 09:40,IB_L,5968.0,1.0,298400.0,-480.0,-0.16,147.5,0.05,-477.5,-0.16,2577.5,2.58
83.0,Exit long,2025-05-20 12:45,IB_LX,5958.5,1.0,298387.5,-467.5,-0.16,60.0,0.02,-465.0,-0.16,2110.0,2.11
83.0,Entry long,2025-05-20 12:05,IB_L,5967.75,1.0,298387.5,-467.5,-0.16,60.0,0.02,-465.0,-0.16,2110.0,2.11
84.0,Exit short,2025-05-20 14:00,IB_SX,5933.0,1.0,297425.0,770.0,0.26,772.5,0.26,-177.5,-0.06,2880.0,2.88
84.0,Entry short,2025-05-20 13:25,IB_S,5948.5,1.0,297425.0,770.0,0.26,772.5,0.26,-177.5,-0.06,2880.0,2.88
85.0,Exit long,2025-05-21 12:10,IB_LX,5928.75,1.0,297375.0,-942.5,-0.32,435.0,0.15,-940.0,-0.32,1937.5,1.94
85.0,Entry long,2025-05-21 10:10,IB_L,5947.5,1.0,297375.0,-942.5,-0.32,435.0,0.15,-940.0,-0.32,1937.5,1.94
86.0,Exit long,2025-05-22 11:25,VA_LX,5872.0,1.0,293937.5,-342.5,-0.12,310.0,0.11,-340.0,-0.12,1595.0,1.6
86.0,Entry long,2025-05-22 11:15,VA_L,5878.75,1.0,293937.5,-342.5,-0.12,310.0,0.11,-340.0,-0.12,1595.0,1.6
87.0,Exit long,2025-05-22 14:55,IB_LX,5861.75,1.0,294112.5,-1030.0,-0.35000000000000003,635.0,0.22,-1027.5,-0.35000000000000003,565.0,0.56
87.0,Entry long,2025-05-22 12:45,IB_L,5882.25,1.0,294112.5,-1030.0,-0.35000000000000003,635.0,0.22,-1027.5,-0.35000000000000003,565.0,0.56
88.0,Exit short,2025-05-26 10:50,IB_SX,5887.25,1.0,293887.5,-480.0,-0.16,335.0,0.11,-477.5,-0.16,85.0,0.09
88.0,Entry short,2025-05-26 09:40,IB_S,5877.75,1.0,293887.5,-480.0,-0.16,335.0,0.11,-477.5,-0.16,85.0,0.09
89.0,Exit long,2025-05-27 15:00,RTH End,5935.75,1.0,295437.5,1345.0,0.46,1497.5,0.51,-227.5,-0.08,1430.0,1.43
89.0,Entry long,2025-05-27 09:55,IB_L,5908.75,1.0,295437.5,1345.0,0.46,1497.5,0.51,-227.5,-0.08,1430.0,1.43
90.0,Exit short,2025-05-28 15:00,RTH End,5902.0,1.0,296050.0,945.0,0.32,1322.5,0.45,-590.0,-0.2,2375.0,2.38
90.0,Entry short,2025-05-28 09:40,IB_S,5921.0,1.0,296050.0,945.0,0.32,1322.5,0.45,-590.0,-0.2,2375.0,2.38
91.0,Exit long,2025-05-29 10:55,VA_LX,5908.5,1.0,295837.5,-417.5,-0.14,185.0,0.06,-415.0,-0.14,1957.5,1.96
91.0,Entry long,2025-05-29 10:35,VA_L,5916.75,1.0,295837.5,-417.5,-0.14,185.0,0.06,-415.0,-0.14,1957.5,1.96
92.0,Exit short,2025-05-29 14:45,IB_SX,5925.25,1.0,295225.0,-1042.5,-0.35000000000000003,247.5,0.08,-1040.0,-0.35000000000000003,915.0,0.92
92.0,Entry short,2025-05-29 13:20,IB_S,5904.5,1.0,295225.0,-1042.5,-0.35000000000000003,247.5,0.08,-1040.0,-0.35000000000000003,915.0,0.92
93.0,Exit long,2025-05-30 10:15,IB_LX,5901.5,1.0,296000.0,-930.0,-0.31,0.0,0.0,-927.5,-0.31,-15.0,-0.01
93.0,Entry long,2025-05-30 09:40,IB_L,5920.0,1.0,296000.0,-930.0,-0.31,0.0,0.0,-927.5,-0.31,-15.0,-0.01
94.0,Exit long,2025-05-30 10:30,VA_LX,5905.5,1.0,295637.5,-367.5,-0.12,110.0,0.04,-365.0,-0.12,-382.5,-0.38
94.0,Entry long,2025-05-30 10:30,VA_L,5912.75,1.0,295637.5,-367.5,-0.12,110.0,0.04,-365.0,-0.12,-382.5,-0.38
95.0,Exit short,2025-05-30 13:05,IB_SX,5892.0,1.0,293562.5,-1042.5,-0.36,897.5,0.31,-1040.0,-0.35000000000000003,-1425.0,-1.42
95.0,Entry short,2025-05-30 11:30,IB_S,5871.25,1.0,293562.5,-1042.5,-0.36,897.5,0.31,-1040.0,-0.35000000000000003,-1425.0,-1.42
96.0,Exit short,2025-06-02 11:50,VA_SX,5921.75,1.0,295650.0,-442.5,-0.15,572.5,0.19,-440.0,-0.15,-1867.5,-1.87
96.0,Entry short,2025-06-02 10:15,VA_S,5913.0,1.0,295650.0,-442.5,-0.15,572.5,0.19,-440.0,-0.15,-1867.5,-1.87
97.0,Exit long,2025-06-03 11:15,IB_LX,5982.5,1.0,298100.0,1020.0,0.34,1022.5,0.34,-115.0,-0.04,-847.5,-0.85
97.0,Entry long,2025-06-03 09:55,IB_L,5962.0,1.0,298100.0,1020.0,0.34,1022.5,0.34,-115.0,-0.04,-847.5,-0.85
98.0,Exit long,2025-06-05 11:45,IB_LX,5982.0,1.0,300137.5,-1042.5,-0.35000000000000003,310.0,0.1,-1040.0,-0.35000000000000003,-1890.0,-1.8900000000000001
98.0,Entry long,2025-06-05 10:20,IB_L,6002.75,1.0,300137.5,-1042.5,-0.35000000000000003,310.0,0.1,-1040.0,-0.35000000000000003,-1890.0,-1.8900000000000001
99.0,Exit short,2025-06-06 13:00,IB_SX,6013.0,1.0,299800.0,-855.0,-0.29,572.5,0.19,-852.5,-0.28,-2745.0,-2.74
99.0,Entry short,2025-06-06 10:20,IB_S,5996.0,1.0,299800.0,-855.0,-0.29,572.5,0.19,-852.5,-0.28,-2745.0,-2.74
100.0,Exit long,2025-06-09 15:00,RTH End,6009.75,1.0,300812.5,-330.0,-0.11,572.5,0.19,-390.0,-0.13,-3075.0,-3.0700000000000003
100.0,Entry long,2025-06-09 11:35,IB_L,6016.25,1.0,300812.5,-330.0,-0.11,572.5,0.19,-390.0,-0.13,-3075.0,-3.0700000000000003
101.0,Exit long,2025-06-10 10:30,IB_LX,6021.0,1.0,301500.0,-455.0,-0.15,22.5,0.01,-452.5,-0.15,-3530.0,-3.5300000000000002
101.0,Entry long,2025-06-10 09:45,IB_L,6030.0,1.0,301500.0,-455.0,-0.15,22.5,0.01,-452.5,-0.15,-3530.0,-3.5300000000000002
102.0,Exit long,2025-06-10 13:00,IB_LX,6021.0,1.0,301525.0,-480.0,-0.16,535.0,0.18,-477.5,-0.16,-4010.0,-4.01
102.0,Entry long,2025-06-10 11:05,IB_L,6030.5,1.0,301525.0,-480.0,-0.16,535.0,0.18,-477.5,-0.16,-4010.0,-4.01
103.0,Exit long,2025-06-11 10:10,IB_LX,6049.0,1.0,303212.5,-767.5,-0.25,0.0,0.0,-765.0,-0.25,-4777.5,-4.78
103.0,Entry long,2025-06-11 10:05,IB_L,6064.25,1.0,303212.5,-767.5,-0.25,0.0,0.0,-765.0,-0.25,-4777.5,-4.78
104.0,Exit short,2025-06-11 15:00,RTH End,6028.75,1.0,301212.5,-230.0,-0.08,897.5,0.3,-565.0,-0.19,-5007.5,-5.01
104.0,Entry short,2025-06-11 13:05,IB_S,6024.25,1.0,301212.5,-230.0,-0.08,897.5,0.3,-565.0,-0.19,-5007.5,-5.01
105.0,Exit long,2025-06-12 15:00,RTH End,6050.5,1.0,302150.0,370.0,0.12,397.5,0.13,-702.5,-0.23,-4637.5,-4.64
105.0,Entry long,2025-06-12 09:40,IB_L,6043.0,1.0,302150.0,370.0,0.12,397.5,0.13,-702.5,-0.23,-4637.5,-4.64
106.0,Exit long,2025-06-13 13:10,IB_LX,5996.5,1.0,300850.0,-1030.0,-0.34,635.0,0.21,-1027.5,-0.34,-5667.5,-5.67
106.0,Entry long,2025-06-13 10:30,IB_L,6017.0,1.0,300850.0,-1030.0,-0.34,635.0,0.21,-1027.5,-0.34,-5667.5,-5.67
107.0,Exit short,2025-06-13 15:00,RTH End,5980.5,1.0,298825.0,-205.0,-0.07,560.0,0.19,-565.0,-0.19,-5872.5,-5.87
107.0,Entry short,2025-06-13 13:35,IB_S,5976.5,1.0,298825.0,-205.0,-0.07,560.0,0.19,-565.0,-0.19,-5872.5,-5.87
108.0,Exit short,2025-06-17 12:45,IB_SX,6040.25,1.0,302962.5,945.0,0.31,947.5,0.31,-127.5,-0.04,-4927.5,-4.93
108.0,Entry short,2025-06-17 12:20,IB_S,6059.25,1.0,302962.5,945.0,0.31,947.5,0.31,-127.5,-0.04,-4927.5,-4.93
109.0,Exit short,2025-06-18 11:00,VA_SX,6057.25,1.0,303487.5,620.0,0.2,622.5,0.21,-90.0,-0.03,-4307.5,-4.3100000000000005
109.0,Entry short,2025-06-18 09:50,VA_S,6069.75,1.0,303487.5,620.0,0.2,622.5,0.21,-90.0,-0.03,-4307.5,-4.3100000000000005
110.0,Exit short,2025-06-18 15:00,RTH End,6035.75,1.0,301687.5,-105.0,-0.03,372.5,0.12,-877.5,-0.29,-4412.5,-4.41
110.0,Entry short,2025-06-18 14:00,IB_S,6033.75,1.0,301687.5,-105.0,-0.03,372.5,0.12,-877.5,-0.29,-4412.5,-4.41
111.0,Exit short,2025-06-20 15:00,RTH End,6017.25,1.0,301412.5,545.0,0.18,1247.5,0.41000000000000003,-577.5,-0.19,-3867.5,-3.87
111.0,Entry short,2025-06-20 09:45,IB_S,6028.25,1.0,301412.5,545.0,0.18,1247.5,0.41000000000000003,-577.5,-0.19,-3867.5,-3.87
112.0,Exit short,2025-06-23 10:00,VA_SX,6047.25,1.0,301987.5,-380.0,-0.13,22.5,0.01,-377.5,-0.13,-4247.5,-4.25
112.0,Entry short,2025-06-23 10:00,VA_S,6039.75,1.0,301987.5,-380.0,-0.13,22.5,0.01,-377.5,-0.13,-4247.5,-4.25
113.0,Exit short,2025-06-23 11:45,IB_SX,6025.75,1.0,300262.5,-1030.0,-0.34,597.5,0.2,-1027.5,-0.34,-5277.5,-5.28
113.0,Entry short,2025-06-23 11:35,IB_S,6005.25,1.0,300262.5,-1030.0,-0.34,597.5,0.2,-1027.5,-0.34,-5277.5,-5.28
114.0,Exit long,2025-06-23 15:00,RTH End,6076.75,1.0,302962.5,870.0,0.29,1110.0,0.37,-177.5,-0.06,-4407.5,-4.41
114.0,Entry long,2025-06-23 12:35,IB_L,6059.25,1.0,302962.5,870.0,0.29,1110.0,0.37,-177.5,-0.06,-4407.5,-4.41
115.0,Exit long,2025-06-24 14:30,IB_LX,6154.0,1.0,306662.5,1032.5,0.34,1035.0,0.34,-52.5,-0.02,-3375.0,-3.37
115.0,Entry long,2025-06-24 10:25,IB_L,6133.25,1.0,306662.5,1032.5,0.34,1035.0,0.34,-52.5,-0.02,-3375.0,-3.37
116.0,Exit short,2025-06-25 12:40,IB_SX,6134.0,1.0,307300.0,595.0,0.19,597.5,0.19,-152.5,-0.05,-2780.0,-2.7800000000000002
116.0,Entry short,2025-06-25 10:10,IB_S,6146.0,1.0,307300.0,595.0,0.19,597.5,0.19,-152.5,-0.05,-2780.0,-2.7800000000000002
117.0,Exit long,2025-06-26 13:15,IB_LX,6196.75,1.0,309012.5,820.0,0.27,822.5,0.27,-302.5,-0.1,-1960.0,-1.96
117.0,Entry long,2025-06-26 09:50,IB_L,6180.25,1.0,309012.5,820.0,0.27,822.5,0.27,-302.5,-0.1,-1960.0,-1.96
118.0,Exit short,2025-06-27 14:50,IB_SX,6216.25,1.0,309900.0,-917.5,-0.3,735.0,0.24,-915.0,-0.3,-2877.5,-2.88
118.0,Entry short,2025-06-27 13:30,IB_S,6198.0,1.0,309900.0,-917.5,-0.3,735.0,0.24,-915.0,-0.3,-2877.5,-2.88
119.0,Exit short,2025-06-30 13:55,IB_SX,6241.25,1.0,311612.5,-455.0,-0.15,260.0,0.08,-452.5,-0.15,-3332.5,-3.33
119.0,Entry short,2025-06-30 13:00,IB_S,6232.25,1.0,311612.5,-455.0,-0.15,260.0,0.08,-452.5,-0.15,-3332.5,-3.33
120.0,Exit short,2025-07-01 10:25,IB_SX,6243.75,1.0,311462.5,-730.0,-0.23,60.0,0.02,-727.5,-0.23,-4062.5,-4.0600000000000005
120.0,Entry short,2025-07-01 10:15,IB_S,6229.25,1.0,311462.5,-730.0,-0.23,60.0,0.02,-727.5,-0.23,-4062.5,-4.0600000000000005
121.0,Exit long,2025-07-01 14:00,IB_LX,6243.25,1.0,312687.5,-530.0,-0.17,385.0,0.12,-527.5,-0.17,-4592.5,-4.59
121.0,Entry long,2025-07-01 12:25,IB_L,6253.75,1.0,312687.5,-530.0,-0.17,385.0,0.12,-527.5,-0.17,-4592.5,-4.59
122.0,Exit long,2025-07-02 15:00,RTH End,6275.0,1.0,313050.0,695.0,0.22,772.5,0.25,-190.0,-0.06,-3897.5,-3.9
122.0,Entry long,2025-07-02 09:50,IB_L,6261.0,1.0,313050.0,695.0,0.22,772.5,0.25,-190.0,-0.06,-3897.5,-3.9
123.0,Exit short,2025-07-07 11:20,IB_SX,6274.75,1.0,314537.5,795.0,0.25,797.5,0.25,-90.0,-0.03,-3102.5,-3.1
123.0,Entry short,2025-07-07 09:55,IB_S,6290.75,1.0,314537.5,795.0,0.25,797.5,0.25,-90.0,-0.03,-3102.5,-3.1
124.0,Exit long,2025-07-08 11:35,IB_LX,6273.75,1.0,314337.5,-655.0,-0.21,60.0,0.02,-652.5,-0.21,-3757.5,-3.7600000000000002
124.0,Entry long,2025-07-08 11:30,IB_L,6286.75,1.0,314337.5,-655.0,-0.21,60.0,0.02,-652.5,-0.21,-3757.5,-3.7600000000000002
125.0,Exit long,2025-07-10 12:20,IB_LX,6328.5,1.0,315737.5,682.5,0.22,685.0,0.22,-140.0,-0.04,-3075.0,-3.0700000000000003
125.0,Entry long,2025-07-10 09:45,IB_L,6314.75,1.0,315737.5,682.5,0.22,685.0,0.22,-140.0,-0.04,-3075.0,-3.0700000000000003
126.0,Exit long,2025-07-11 15:00,RTH End,6299.0,1.0,315400.0,-455.0,-0.14,235.0,0.07,-665.0,-0.21,-3530.0,-3.5300000000000002
126.0,Entry long,2025-07-11 10:45,IB_L,6308.0,1.0,315400.0,-455.0,-0.14,235.0,0.07,-665.0,-0.21,-3530.0,-3.5300000000000002
127.0,Exit long,2025-07-14 10:25,VA_LX,6301.25,1.0,314887.5,170.0,0.05,172.5,0.05,-127.5,-0.04,-3360.0,-3.36
127.0,Entry long,2025-07-14 10:00,VA_L,6297.75,1.0,314887.5,170.0,0.05,172.5,0.05,-127.5,-0.04,-3360.0,-3.36
128.0,Exit short,2025-07-14 12:15,VA_SX,6310.5,1.0,315400.0,-130.0,-0.04,22.5,0.01,-127.5,-0.04,-3490.0,-3.49
128.0,Entry short,2025-07-14 12:10,VA_S,6308.0,1.0,315400.0,-130.0,-0.04,22.5,0.01,-127.5,-0.04,-3490.0,-3.49
129.0,Exit short,2025-07-15 14:55,IB_SX,6286.25,1.0,315650.0,1332.5,0.42,1335.0,0.42,-152.5,-0.05,-2157.5,-2.16
129.0,Entry short,2025-07-15 09:40,IB_S,6313.0,1.0,315650.0,1332.5,0.42,1335.0,0.42,-152.5,-0.05,-2157.5,-2.16
130.0,Exit short,2025-07-16 10:55,IB_SX,6284.0,1.0,313175.0,-1030.0,-0.33,1122.5,0.36,-1027.5,-0.33,-3187.5,-3.19
130.0,Entry short,2025-07-16 10:20,IB_S,6263.5,1.0,313175.0,-1030.0,-0.33,1122.5,0.36,-1027.5,-0.33,-3187.5,-3.19
131.0,Exit long,2025-07-16 12:25,VA_LX,6292.75,1.0,314875.0,-242.5,-0.08,22.5,0.01,-240.0,-0.08,-3430.0,-3.43
131.0,Entry long,2025-07-16 12:15,VA_L,6297.5,1.0,314875.0,-242.5,-0.08,22.5,0.01,-240.0,-0.08,-3430.0,-3.43
132.0,Exit long,2025-07-16 15:00,RTH End,6302.75,1.0,315262.5,-130.0,-0.04,172.5,0.05,-277.5,-0.09,-3560.0,-3.56
132.0,Entry long,2025-07-16 14:00,IB_L,6305.25,1.0,315262.5,-130.0,-0.04,172.5,0.05,-277.5,-0.09,-3560.0,-3.56
133.0,Exit long,2025-07-17 15:00,RTH End,6342.0,1.0,316275.0,820.0,0.26,997.5,0.32,-140.0,-0.04,-2740.0,-2.74
133.0,Entry long,2025-07-17 10:10,IB_L,6325.5,1.0,316275.0,820.0,0.26,997.5,0.32,-140.0,-0.04,-2740.0,-2.74
134.0,Exit short,2025-07-18 15:00,RTH End,6335.0,1.0,316475.0,-280.0,-0.09,310.0,0.1,-552.5,-0.17,-3020.0,-3.02
134.0,Entry short,2025-07-18 10:00,IB_S,6329.5,1.0,316475.0,-280.0,-0.09,310.0,0.1,-552.5,-0.17,-3020.0,-3.02
135.0,Exit long,2025-07-22 15:00,RTH End,6345.25,1.0,317487.5,-230.0,-0.07,197.5,0.06,-265.0,-0.08,-3250.0,-3.25
135.0,Entry long,2025-07-22 13:40,IB_L,6349.75,1.0,317487.5,-230.0,-0.07,197.5,0.06,-265.0,-0.08,-3250.0,-3.25
136.0,Exit long,2025-07-23 14:55,IB_LX,6394.75,1.0,318750.0,982.5,0.31,985.0,0.31,-252.5,-0.08,-2267.5,-2.27
136.0,Entry long,2025-07-23 10:55,IB_L,6375.0,1.0,318750.0,982.5,0.31,985.0,0.31,-252.5,-0.08,-2267.5,-2.27
137.0,Exit long,2025-07-24 11:15,IB_LX,6403.0,1.0,320537.5,-392.5,-0.12,235.0,0.07,-390.0,-0.12,-2660.0,-2.66
137.0,Entry long,2025-07-24 09:50,IB_L,6410.75,1.0,320537.5,-392.5,-0.12,235.0,0.07,-390.0,-0.12,-2660.0,-2.66
138.0,Exit long,2025-07-24 14:45,IB_LX,6403.0,1.0,320575.0,-430.0,-0.13,335.0,0.1,-427.5,-0.13,-3090.0,-3.09
138.0,Entry long,2025-07-24 12:10,IB_L,6411.5,1.0,320575.0,-430.0,-0.13,335.0,0.1,-427.5,-0.13,-3090.0,-3.09
139.0,Exit long,2025-07-25 11:25,IB_LX,6421.5,1.0,320600.0,470.0,0.15,472.5,0.15,-77.5,-0.02,-2620.0,-2.62
139.0,Entry long,2025-07-25 09:40,IB_L,6412.0,1.0,320600.0,470.0,0.15,472.5,0.15,-77.5,-0.02,-2620.0,-2.62
140.0,Exit short,2025-07-28 10:55,IB_SX,6429.5,1.0,321012.5,-467.5,-0.15,185.0,0.06,-465.0,-0.14,-3087.5,-3.09
140.0,Entry short,2025-07-28 10:20,IB_S,6420.25,1.0,321012.5,-467.5,-0.15,185.0,0.06,-465.0,-0.14,-3087.5,-3.09
141.0,Exit short,2025-07-28 13:00,IB_SX,6412.5,1.0,321125.0,495.0,0.15,497.5,0.15,-140.0,-0.04,-2592.5,-2.59
141.0,Entry short,2025-07-28 11:50,IB_S,6422.5,1.0,321125.0,495.0,0.15,497.5,0.15,-140.0,-0.04,-2592.5,-2.59
142.0,Exit short,2025-07-29 10:20,IB_SX,6410.75,1.0,321250.0,707.5,0.22,710.0,0.22,-77.5,-0.02,-1885.0,-1.8800000000000001
142.0,Entry short,2025-07-29 09:45,IB_S,6425.0,1.0,321250.0,707.5,0.22,710.0,0.22,-77.5,-0.02,-1885.0,-1.8800000000000001
143.0,Exit short,2025-07-30 10:55,IB_SX,6412.5,1.0,320187.5,-442.5,-0.14,72.5,0.02,-440.0,-0.14,-2327.5,-2.33
143.0,Entry short,2025-07-30 10:15,IB_S,6403.75,1.0,320187.5,-442.5,-0.14,72.5,0.02,-440.0,-0.14,-2327.5,-2.33
144.0,Exit long,2025-07-30 13:40,IB_LX,6411.75,1.0,321087.5,-505.0,-0.16,397.5,0.12,-502.5,-0.16,-2832.5,-2.83
144.0,Entry long,2025-07-30 12:45,IB_L,6421.75,1.0,321087.5,-505.0,-0.16,397.5,0.12,-502.5,-0.16,-2832.5,-2.83
145.0,Exit short,2025-07-30 13:55,IB_SX,6384.0,1.0,319887.5,682.5,0.21,685.0,0.21,-177.5,-0.06,-2150.0,-2.15
145.0,Entry short,2025-07-30 13:55,IB_S,6397.75,1.0,319887.5,682.5,0.21,685.0,0.21,-177.5,-0.06,-2150.0,-2.15
146.0,Exit short,2025-07-31 12:25,IB_SX,6400.75,1.0,321200.0,1157.5,0.36,1160.0,0.36,-565.0,-0.18,-992.5,-0.99
146.0,Entry short,2025-07-31 09:55,IB_S,6424.0,1.0,321200.0,1157.5,0.36,1160.0,0.36,-565.0,-0.18,-992.5,-0.99
147.0,Exit long,2025-07-31 12:55,VA_LX,6384.0,1.0,319462.5,-267.5,-0.08,72.5,0.02,-265.0,-0.08,-1260.0,-1.26
147.0,Entry long,2025-07-31 12:55,VA_L,6389.25,1.0,319462.5,-267.5,-0.08,72.5,0.02,-265.0,-0.08,-1260.0,-1.26
148.0,Exit long,2025-08-05 10:15,VA_LX,6325.25,1.0,316550.0,-292.5,-0.09,47.5,0.02,-290.0,-0.09,-1552.5,-1.55
148.0,Entry long,2025-08-05 10:15,VA_L,6331.0,1.0,316550.0,-292.5,-0.09,47.5,0.02,-290.0,-0.09,-1552.5,-1.55
149.0,Exit short,2025-08-05 15:00,RTH End,6325.75,1.0,316687.5,395.0,0.12,522.5,0.16,-152.5,-0.05,-1157.5,-1.16
149.0,Entry short,2025-08-05 13:20,IB_S,6333.75,1.0,316687.5,395.0,0.12,522.5,0.16,-152.5,-0.05,-1157.5,-1.16
150.0,Exit long,2025-08-06 14:30,IB_LX,6379.0,1.0,317700.0,1245.0,0.39,1247.5,0.39,-265.0,-0.08,87.5,0.09
150.0,Entry long,2025-08-06 10:00,IB_L,6354.0,1.0,317700.0,1245.0,0.39,1247.5,0.39,-265.0,-0.08,87.5,0.09
151.0,Exit short,2025-08-07 13:20,IB_SX,6334.5,1.0,318675.0,1945.0,0.61,1947.5,0.61,-102.5,-0.03,2032.5,2.0300000000000002
151.0,Entry short,2025-08-07 09:55,IB_S,6373.5,1.0,318675.0,1945.0,0.61,1947.5,0.61,-102.5,-0.03,2032.5,2.0300000000000002
152.0,Exit long,2025-08-07 14:40,VA_LX,6356.75,1.0,317100.0,732.5,0.23,735.0,0.23,-177.5,-0.06,2765.0,2.77
152.0,Entry long,2025-08-07 13:35,VA_L,6342.0,1.0,317100.0,732.5,0.23,735.0,0.23,-177.5,-0.06,2765.0,2.77
153.0,Exit long,2025-08-08 15:00,RTH End,6413.5,1.0,320750.0,-80.0,-0.02,197.5,0.06,-615.0,-0.19,2685.0,2.69
153.0,Entry long,2025-08-08 11:20,IB_L,6415.0,1.0,320750.0,-80.0,-0.02,197.5,0.06,-615.0,-0.19,2685.0,2.69
154.0,Exit short,2025-08-11 10:50,IB_SX,6416.0,1.0,320450.0,-355.0,-0.11,110.0,0.03,-352.5,-0.11,2330.0,2.33
154.0,Entry short,2025-08-11 09:50,IB_S,6409.0,1.0,320450.0,-355.0,-0.11,110.0,0.03,-352.5,-0.11,2330.0,2.33
155.0,Exit long,2025-08-11 11:40,IB_LX,6415.5,1.0,321475.0,-705.0,-0.22,97.5,0.03,-702.5,-0.22,1625.0,1.6300000000000001
155.0,Entry long,2025-08-11 11:10,IB_L,6429.5,1.0,321475.0,-705.0,-0.22,97.5,0.03,-702.5,-0.22,1625.0,1.6300000000000001
156.0,Exit short,2025-08-11 13:40,IB_SX,6397.75,1.0,320450.0,557.5,0.17,560.0,0.17,-140.0,-0.04,2182.5,2.18
156.0,Entry short,2025-08-11 12:40,IB_S,6409.0,1.0,320450.0,557.5,0.17,560.0,0.17,-140.0,-0.04,2182.5,2.18
157.0,Exit long,2025-08-12 15:00,RTH End,6467.25,1.0,322187.5,1170.0,0.36,1310.0,0.41000000000000003,-27.5,-0.01,3352.5,3.35
157.0,Entry long,2025-08-12 10:05,IB_L,6443.75,1.0,322187.5,1170.0,0.36,1310.0,0.41000000000000003,-27.5,-0.01,3352.5,3.35
158.0,Exit short,2025-08-13 14:55,IB_SX,6491.25,1.0,323950.0,-617.5,-0.19,610.0,0.19,-615.0,-0.19,2735.0,2.74
158.0,Entry short,2025-08-13 09:50,IB_S,6479.0,1.0,323950.0,-617.5,-0.19,610.0,0.19,-615.0,-0.19,2735.0,2.74
159.0,Exit short,2025-08-14 10:10,VA_SX,6482.0,1.0,324500.0,395.0,0.12,397.5,0.12,-65.0,-0.02,3130.0,3.13
159.0,Entry short,2025-08-14 09:55,VA_S,6490.0,1.0,324500.0,395.0,0.12,397.5,0.12,-65.0,-0.02,3130.0,3.13
160.0,Exit long,2025-08-14 11:55,VA_LX,6482.25,1.0,323775.0,332.5,0.1,335.0,0.1,-27.5,-0.01,3462.5,3.46
160.0,Entry long,2025-08-14 11:50,VA_L,6475.5,1.0,323775.0,332.5,0.1,335.0,0.1,-27.5,-0.01,3462.5,3.46
161.0,Exit long,2025-08-14 15:00,RTH End,6488.5,1.0,324337.5,82.5,0.03,460.0,0.14,-415.0,-0.13,3545.0,3.5500000000000003
161.0,Entry long,2025-08-14 12:25,IB_L,6486.75,1.0,324337.5,82.5,0.03,460.0,0.14,-415.0,-0.13,3545.0,3.5500000000000003
162.0,Exit long,2025-08-15 09:50,VA_LX,6471.0,1.0,323775.0,-230.0,-0.07,0.0,0.0,-227.5,-0.07,3315.0,3.3200000000000003
162.0,Entry long,2025-08-15 09:45,VA_L,6475.5,1.0,323775.0,-230.0,-0.07,0.0,0.0,-227.5,-0.07,3315.0,3.3200000000000003
163.0,Exit short,2025-08-15 12:55,IB_SX,6483.0,1.0,323125.0,-1030.0,-0.32,0.0,0.0,-1027.5,-0.32,2285.0,2.2800000000000002
163.0,Entry short,2025-08-15 10:45,IB_S,6462.5,1.0,323125.0,-1030.0,-0.32,0.0,0.0,-1027.5,-0.32,2285.0,2.2800000000000002
164.0,Exit short,2025-08-18 12:30,IB_SX,6468.5,1.0,323012.5,-417.5,-0.13,85.0,0.03,-415.0,-0.13,1867.5,1.87
164.0,Entry short,2025-08-18 11:50,IB_S,6460.25,1.0,323012.5,-417.5,-0.13,85.0,0.03,-415.0,-0.13,1867.5,1.87
165.0,Exit short,2025-08-19 11:40,IB_SX,6432.25,1.0,322675.0,1057.5,0.33,1060.0,0.33,-215.0,-0.07,2925.0,2.93
165.0,Entry short,2025-08-19 09:50,IB_S,6453.5,1.0,322675.0,1057.5,0.33,1060.0,0.33,-215.0,-0.07,2925.0,2.93
166.0,Exit long,2025-08-21 12:15,VA_LX,6377.0,1.0,319350.0,-505.0,-0.16,285.0,0.09,-502.5,-0.16,2420.0,2.42
166.0,Entry long,2025-08-21 11:15,VA_L,6387.0,1.0,319350.0,-505.0,-0.16,285.0,0.09,-502.5,-0.16,2420.0,2.42
167.0,Exit long,2025-08-25 12:40,IB_LX,6470.0,1.0,323875.0,-380.0,-0.12,260.0,0.08,-377.5,-0.12,2040.0,2.04
167.0,Entry long,2025-08-25 10:15,IB_L,6477.5,1.0,323875.0,-380.0,-0.12,260.0,0.08,-377.5,-0.12,2040.0,2.04
168.0,Exit long,2025-08-26 14:50,IB_LX,6480.25,1.0,323175.0,832.5,0.26,835.0,0.26,-502.5,-0.16,2872.5,2.87
168.0,Entry long,2025-08-26 11:20,IB_L,6463.5,1.0,323175.0,832.5,0.26,835.0,0.26,-502.5,-0.16,2872.5,2.87
169.0,Exit long,2025-08-27 15:00,RTH End,6494.0,1.0,324662.5,32.5,0.01,460.0,0.14,-340.0,-0.1,2905.0,2.91
169.0,Entry long,2025-08-27 11:55,IB_L,6493.25,1.0,324662.5,32.5,0.01,460.0,0.14,-340.0,-0.1,2905.0,2.91
170.0,Exit short,2025-08-28 10:15,VA_SX,6501.25,1.0,324825.0,-242.5,-0.07,110.0,0.03,-240.0,-0.07,2662.5,2.66
170.0,Entry short,2025-08-28 10:00,VA_S,6496.5,1.0,324825.0,-242.5,-0.07,110.0,0.03,-240.0,-0.07,2662.5,2.66
171.0,Exit long,2025-08-28 15:00,RTH End,6516.75,1.0,325475.0,357.5,0.11,672.5,0.21,-365.0,-0.11,3020.0,3.02
171.0,Entry long,2025-08-28 11:30,IB_L,6509.5,1.0,325475.0,357.5,0.11,672.5,0.21,-365.0,-0.11,3020.0,3.02
172.0,Exit short,2025-09-02 12:25,IB_SX,6397.75,1.0,318875.0,-1017.5,-0.32,285.0,0.09,-1015.0,-0.32,2002.5,2.0
172.0,Entry short,2025-09-02 10:40,IB_S,6377.5,1.0,318875.0,-1017.5,-0.32,285.0,0.09,-1015.0,-0.32,2002.5,2.0
173.0,Exit long,2025-09-03 10:25,IB_LX,6445.75,1.0,322950.0,-667.5,-0.21,260.0,0.08,-665.0,-0.21,1335.0,1.34
173.0,Entry long,2025-09-03 09:45,IB_L,6459.0,1.0,322950.0,-667.5,-0.21,260.0,0.08,-665.0,-0.21,1335.0,1.34
174.0,Exit short,2025-09-03 14:45,IB_SX,6446.5,1.0,321700.0,-630.0,-0.2,372.5,0.12,-627.5,-0.2,705.0,0.71
174.0,Entry short,2025-09-03 12:45,IB_S,6434.0,1.0,321700.0,-630.0,-0.2,372.5,0.12,-627.5,-0.2,705.0,0.71
175.0,Exit long,2025-09-04 12:50,IB_LX,6495.75,1.0,323887.5,895.0,0.28,897.5,0.28,-202.5,-0.06,1600.0,1.6
175.0,Entry long,2025-09-04 09:40,IB_L,6477.75,1.0,323887.5,895.0,0.28,897.5,0.28,-202.5,-0.06,1600.0,1.6
176.0,Exit short,2025-09-05 14:20,IB_SX,6492.75,1.0,323612.5,-1030.0,-0.32,1010.0,0.31,-1027.5,-0.32,570.0,0.5700000000000001
176.0,Entry short,2025-09-05 09:40,IB_S,6472.25,1.0,323612.5,-1030.0,-0.32,1010.0,0.31,-1027.5,-0.32,570.0,0.5700000000000001
177.0,Exit long,2025-09-08 11:20,IB_LX,6501.75,1.0,325550.0,-467.5,-0.14,272.5,0.08,-465.0,-0.14,102.5,0.1
177.0,Entry long,2025-09-08 09:45,IB_L,6511.0,1.0,325550.0,-467.5,-0.14,272.5,0.08,-465.0,-0.14,102.5,0.1
178.0,Exit short,2025-09-08 13:20,IB_SX,6502.5,1.0,324675.0,-455.0,-0.14,110.0,0.03,-452.5,-0.14,-352.5,-0.35000000000000003
178.0,Entry short,2025-09-08 13:00,IB_S,6493.5,1.0,324675.0,-455.0,-0.14,110.0,0.03,-452.5,-0.14,-352.5,-0.35000000000000003
179.0,Exit short,2025-09-10 10:50,IB_SX,6553.25,1.0,327087.5,-580.0,-0.18,85.0,0.03,-577.5,-0.18,-932.5,-0.93
179.0,Entry short,2025-09-10 10:20,IB_S,6541.75,1.0,327087.5,-580.0,-0.18,85.0,0.03,-577.5,-0.18,-932.5,-0.93
180.0,Exit short,2025-09-10 14:20,IB_SX,6524.25,1.0,327125.0,907.5,0.28,910.0,0.28,-427.5,-0.13,-25.0,-0.02
180.0,Entry short,2025-09-10 11:30,IB_S,6542.5,1.0,327125.0,907.5,0.28,910.0,0.28,-427.5,-0.13,-25.0,-0.02
181.0,Exit long,2025-09-12 10:25,IB_LX,6590.0,1.0,329800.0,-305.0,-0.09,135.0,0.04,-302.5,-0.09,-330.0,-0.33
181.0,Entry long,2025-09-12 09:55,IB_L,6596.0,1.0,329800.0,-305.0,-0.09,135.0,0.04,-302.5,-0.09,-330.0,-0.33
182.0,Exit long,2025-09-12 14:30,IB_LX,6590.0,1.0,329825.0,-330.0,-0.1,472.5,0.14,-327.5,-0.1,-660.0,-0.66
182.0,Entry long,2025-09-12 12:25,IB_L,6596.5,1.0,329825.0,-330.0,-0.1,472.5,0.14,-327.5,-0.1,-660.0,-0.66
183.0,Exit long,2025-09-15 11:55,IB_LX,6613.75,1.0,331062.5,-380.0,-0.11,110.0,0.03,-377.5,-0.11,-1040.0,-1.04
183.0,Entry long,2025-09-15 09:45,IB_L,6621.25,1.0,331062.5,-380.0,-0.11,110.0,0.03,-377.5,-0.11,-1040.0,-1.04
184.0,Exit short,2025-09-17 13:00,IB_SX,6668.0,1.0,332875.0,-530.0,-0.16,372.5,0.11,-527.5,-0.16,-1570.0,-1.57
184.0,Entry short,2025-09-17 10:40,IB_S,6657.5,1.0,332875.0,-530.0,-0.16,372.5,0.11,-527.5,-0.16,-1570.0,-1.57
185.0,Exit short,2025-09-17 13:20,IB_SX,6667.25,1.0,332337.5,-1030.0,-0.31,335.0,0.1,-1027.5,-0.31,-2600.0,-2.6
185.0,Entry short,2025-09-17 13:15,IB_S,6646.75,1.0,332337.5,-1030.0,-0.31,335.0,0.1,-1027.5,-0.31,-2600.0,-2.6
186.0,Exit short,2025-09-19 11:00,IB_SX,6704.25,1.0,334775.0,-442.5,-0.13,410.0,0.12,-440.0,-0.13,-3042.5,-3.04
186.0,Entry short,2025-09-19 10:05,IB_S,6695.5,1.0,334775.0,-442.5,-0.13,410.0,0.12,-440.0,-0.13,-3042.5,-3.04
187.0,Exit long,2025-09-22 11:45,IB_LX,6746.5,1.0,336362.5,957.5,0.28,960.0,0.29,-15.0,0.0,-2085.0,-2.08
187.0,Entry long,2025-09-22 09:40,IB_L,6727.25,1.0,336362.5,957.5,0.28,960.0,0.29,-15.0,0.0,-2085.0,-2.08
188.0,Exit short,2025-09-23 11:05,IB_SX,6735.5,1.0,337275.0,495.0,0.15,497.5,0.15,-102.5,-0.03,-1590.0,-1.59
188.0,Entry short,2025-09-23 10:00,IB_S,6745.5,1.0,337275.0,495.0,0.15,497.5,0.15,-102.5,-0.03,-1590.0,-1.59
189.0,Exit short,2025-09-24 11:05,IB_SX,6681.25,1.0,335175.0,1107.5,0.33,1110.0,0.33,-190.0,-0.06,-482.5,-0.48
189.0,Entry short,2025-09-24 10:35,IB_S,6703.5,1.0,335175.0,1107.5,0.33,1110.0,0.33,-190.0,-0.06,-482.5,-0.48
190.0,Exit long,2025-09-25 12:20,IB_LX,6652.75,1.0,333650.0,-1017.5,-0.3,47.5,0.01,-1015.0,-0.3,-1500.0,-1.5
190.0,Entry long,2025-09-25 10:45,IB_L,6673.0,1.0,333650.0,-1017.5,-0.3,47.5,0.01,-1015.0,-0.3,-1500.0,-1.5
191.0,Exit short,2025-09-25 13:15,IB_SX,6645.25,1.0,331237.5,-1030.0,-0.31,22.5,0.01,-1027.5,-0.31,-2530.0,-2.5300000000000002
191.0,Entry short,2025-09-25 13:05,IB_S,6624.75,1.0,331237.5,-1030.0,-0.31,22.5,0.01,-1027.5,-0.31,-2530.0,-2.5300000000000002
192.0,Exit short,2025-09-26 10:15,VA_SX,6670.5,1.0,333125.0,-405.0,-0.12,197.5,0.06,-402.5,-0.12,-2935.0,-2.93
192.0,Entry short,2025-09-26 10:00,VA_S,6662.5,1.0,333125.0,-405.0,-0.12,197.5,0.06,-402.5,-0.12,-2935.0,-2.93
193.0,Exit short,2025-09-29 14:15,IB_SX,6699.0,1.0,335712.5,757.5,0.23,760.0,0.23,-215.0,-0.06,-2177.5,-2.18
193.0,Entry short,2025-09-29 10:20,IB_S,6714.25,1.0,335712.5,757.5,0.23,760.0,0.23,-215.0,-0.06,-2177.5,-2.18
194.0,Exit short,2025-09-30 09:45,IB_SX,6705.25,1.0,334737.5,-530.0,-0.16,35.0,0.01,-527.5,-0.16,-2707.5,-2.71
194.0,Entry short,2025-09-30 09:40,IB_S,6694.75,1.0,334737.5,-530.0,-0.16,35.0,0.01,-527.5,-0.16,-2707.5,-2.71
195.0,Exit long,2025-09-30 11:55,IB_LX,6704.5,1.0,335700.0,-480.0,-0.14,0.0,0.0,-477.5,-0.14,-3187.5,-3.19
195.0,Entry long,2025-09-30 11:45,IB_L,6714.0,1.0,335700.0,-480.0,-0.14,0.0,0.0,-477.5,-0.14,-3187.5,-3.19
196.0,Exit long,2025-09-30 14:25,IB_LX,6730.0,1.0,335700.0,795.0,0.24,797.5,0.24,-127.5,-0.04,-2392.5,-2.39
196.0,Entry long,2025-09-30 13:15,IB_L,6714.0,1.0,335700.0,795.0,0.24,797.5,0.24,-127.5,-0.04,-2392.5,-2.39
197.0,Exit short,2025-10-03 15:00,RTH End,6765.5,1.0,338437.5,157.5,0.05,735.0,0.22,-552.5,-0.16,-2235.0,-2.23
197.0,Entry short,2025-10-03 12:50,IB_S,6768.75,1.0,338437.5,157.5,0.05,735.0,0.22,-552.5,-0.16,-2235.0,-2.23
198.0,Exit long,2025-10-06 15:00,RTH End,6788.25,1.0,339475.0,-67.5,-0.02,410.0,0.12,-215.0,-0.06,-2302.5,-2.3000000000000003
198.0,Entry long,2025-10-06 10:50,IB_L,6789.5,1.0,339475.0,-67.5,-0.02,410.0,0.12,-215.0,-0.06,-2302.5,-2.3000000000000003
199.0,Exit short,2025-10-07 10:05,IB_SX,6763.75,1.0,339075.0,882.5,0.26,885.0,0.26,-165.0,-0.05,-1420.0,-1.42
199.0,Entry short,2025-10-07 09:40,IB_S,6781.5,1.0,339075.0,882.5,0.26,885.0,0.26,-165.0,-0.05,-1420.0,-1.42
200.0,Exit long,2025-10-09 10:25,VA_LX,6778.0,1.0,339150.0,-255.0,-0.08,247.5,0.07,-252.5,-0.07,-1675.0,-1.67
200.0,Entry long,2025-10-09 10:00,VA_L,6783.0,1.0,339150.0,-255.0,-0.08,247.5,0.07,-252.5,-0.07,-1675.0,-1.67
201.0,Exit short,2025-10-10 10:00,IB_SX,6735.5,1.0,337862.5,1082.5,0.32,1085.0,0.32,-27.5,-0.01,-592.5,-0.59
201.0,Entry short,2025-10-10 10:00,IB_S,6757.25,1.0,337862.5,1082.5,0.32,1085.0,0.32,-27.5,-0.01,-592.5,-0.59
202.0,Exit long,2025-10-13 15:00,RTH End,6694.25,1.0,334950.0,-242.5,-0.07,622.5,0.19,-877.5,-0.26,-835.0,-0.8300000000000001
202.0,Entry long,2025-10-13 11:15,IB_L,6699.0,1.0,334950.0,-242.5,-0.07,622.5,0.19,-877.5,-0.26,-835.0,-0.8300000000000001
203.0,Exit long,2025-10-14 15:00,RTH End,6685.5,1.0,333150.0,1120.0,0.34,2972.5,0.89,-440.0,-0.13,285.0,0.29
203.0,Entry long,2025-10-14 09:40,IB_L,6663.0,1.0,333150.0,1120.0,0.34,2972.5,0.89,-440.0,-0.13,285.0,0.29
204.0,Exit short,2025-10-15 12:10,IB_SX,6676.75,1.0,335950.0,2107.5,0.63,2110.0,0.63,-427.5,-0.13,2392.5,2.39
204.0,Entry short,2025-10-15 10:45,IB_S,6719.0,1.0,335950.0,2107.5,0.63,2110.0,0.63,-427.5,-0.13,2392.5,2.39
205.0,Exit long,2025-10-16 10:05,IB_LX,6730.5,1.0,337400.0,-880.0,-0.26,85.0,0.03,-877.5,-0.26,1512.5,1.51
205.0,Entry long,2025-10-16 09:45,IB_L,6748.0,1.0,337400.0,-880.0,-0.26,85.0,0.03,-877.5,-0.26,1512.5,1.51
206.0,Exit short,2025-10-16 11:25,IB_SX,6686.75,1.0,335675.0,1332.5,0.4,1335.0,0.4,-215.0,-0.06,2845.0,2.85
206.0,Entry short,2025-10-16 10:45,IB_S,6713.5,1.0,335675.0,1332.5,0.4,1335.0,0.4,-215.0,-0.06,2845.0,2.85
207.0,Exit long,2025-10-16 12:35,VA_LX,6688.5,1.0,334862.5,-442.5,-0.13,235.0,0.07,-440.0,-0.13,2402.5,2.4
207.0,Entry long,2025-10-16 12:30,VA_L,6697.25,1.0,334862.5,-442.5,-0.13,235.0,0.07,-440.0,-0.13,2402.5,2.4
208.0,Exit long,2025-10-17 10:10,VA_LX,6653.75,1.0,333487.5,-805.0,-0.24,347.5,0.1,-802.5,-0.24,1597.5,1.6
208.0,Entry long,2025-10-17 10:05,VA_L,6669.75,1.0,333487.5,-805.0,-0.24,347.5,0.1,-802.5,-0.24,1597.5,1.6
209.0,Exit long,2025-10-17 15:00,RTH End,6703.5,1.0,335300.0,-130.0,-0.04,597.5,0.18,-290.0,-0.09,1467.5,1.47
209.0,Entry long,2025-10-17 13:20,IB_L,6706.0,1.0,335300.0,-130.0,-0.04,597.5,0.18,-290.0,-0.09,1467.5,1.47
210.0,Exit long,2025-10-21 12:00,IB_LX,6768.5,1.0,339050.0,-630.0,-0.19,435.0,0.13,-627.5,-0.19,837.5,0.84
210.0,Entry long,2025-10-21 09:55,IB_L,6781.0,1.0,339050.0,-630.0,-0.19,435.0,0.13,-627.5,-0.19,837.5,0.84
211.0,Exit long,2025-10-21 15:00,RTH End,6772.0,1.0,339025.0,-430.0,-0.13,222.5,0.07,-452.5,-0.13,407.5,0.41000000000000003
211.0,Entry long,2025-10-21 12:50,IB_L,6780.5,1.0,339025.0,-430.0,-0.13,222.5,0.07,-452.5,-0.13,407.5,0.41000000000000003
212.0,Exit short,2025-10-22 11:30,IB_SX,6721.75,1.0,337450.0,1357.5,0.4,1360.0,0.4,-715.0,-0.21,1765.0,1.77
212.0,Entry short,2025-10-22 09:40,IB_S,6749.0,1.0,337450.0,1357.5,0.4,1360.0,0.4,-715.0,-0.21,1765.0,1.77
213.0,Exit short,2025-10-23 10:30,VA_SX,6762.0,1.0,337737.5,-367.5,-0.11,285.0,0.08,-365.0,-0.11,1397.5,1.4000000000000001
213.0,Entry short,2025-10-23 09:55,VA_S,6754.75,1.0,337737.5,-367.5,-0.11,285.0,0.08,-365.0,-0.11,1397.5,1.4000000000000001
214.0,Exit long,2025-10-23 15:00,RTH End,6774.25,1.0,338450.0,257.5,0.08,835.0,0.25,-452.5,-0.13,1655.0,1.6500000000000001
214.0,Entry long,2025-10-23 11:15,IB_L,6769.0,1.0,338450.0,257.5,0.08,835.0,0.25,-452.5,-0.13,1655.0,1.6500000000000001
215.0,Exit long,2025-10-24 14:55,IB_LX,6823.75,1.0,341987.5,-805.0,-0.24,72.5,0.02,-802.5,-0.23,850.0,0.85
215.0,Entry long,2025-10-24 10:25,IB_L,6839.75,1.0,341987.5,-805.0,-0.24,72.5,0.02,-802.5,-0.23,850.0,0.85
216.0,Exit long,2025-10-27 14:50,IB_LX,6908.75,1.0,344675.0,757.5,0.22,760.0,0.22,-290.0,-0.08,1607.5,1.61
216.0,Entry long,2025-10-27 11:05,IB_L,6893.5,1.0,344675.0,757.5,0.22,760.0,0.22,-290.0,-0.08,1607.5,1.61
217.0,Exit short,2025-10-28 11:25,IB_SX,6917.25,1.0,345300.0,-567.5,-0.16,35.0,0.01,-565.0,-0.16,1040.0,1.04
217.0,Entry short,2025-10-28 10:45,IB_S,6906.0,1.0,345300.0,-567.5,-0.16,35.0,0.01,-565.0,-0.16,1040.0,1.04
218.0,Exit long,2025-10-28 15:00,RTH End,6925.25,1.0,346400.0,-142.5,-0.04,835.0,0.24,-202.5,-0.06,897.5,0.9
218.0,Entry long,2025-10-28 12:05,IB_L,6928.0,1.0,346400.0,-142.5,-0.04,835.0,0.24,-202.5,-0.06,897.5,0.9
219.0,Exit short,2025-10-29 13:00,IB_SX,6944.5,1.0,346775.0,-455.0,-0.13,297.5,0.09,-452.5,-0.13,442.5,0.44
219.0,Entry short,2025-10-29 09:50,IB_S,6935.5,1.0,346775.0,-455.0,-0.13,297.5,0.09,-452.5,-0.13,442.5,0.44
220.0,Exit short,2025-10-29 13:35,IB_SX,6915.0,1.0,346525.0,770.0,0.22,772.5,0.22,-602.5,-0.17,1212.5,1.21
220.0,Entry short,2025-10-29 13:15,IB_S,6930.5,1.0,346525.0,770.0,0.22,772.5,0.22,-602.5,-0.17,1212.5,1.21
221.0,Exit short,2025-10-31 10:35,VA_SX,6886.25,1.0,344725.0,407.5,0.12,410.0,0.12,-252.5,-0.07,1620.0,1.62
221.0,Entry short,2025-10-31 10:05,VA_S,6894.5,1.0,344725.0,407.5,0.12,410.0,0.12,-252.5,-0.07,1620.0,1.62
222.0,Exit long,2025-10-31 11:00,VA_LX,6869.5,1.0,343925.0,-455.0,-0.13,0.0,0.0,-452.5,-0.13,1165.0,1.17
222.0,Entry long,2025-10-31 10:55,VA_L,6878.5,1.0,343925.0,-455.0,-0.13,0.0,0.0,-452.5,-0.13,1165.0,1.17
223.0,Exit short,2025-11-03 13:40,VA_SX,6877.25,1.0,344437.5,570.0,0.17,572.5,0.17,-227.5,-0.07,1735.0,1.74
223.0,Entry short,2025-11-03 12:25,VA_S,6888.75,1.0,344437.5,570.0,0.17,572.5,0.17,-227.5,-0.07,1735.0,1.74
224.0,Exit long,2025-11-04 09:55,IB_LX,6826.75,1.0,342375.0,-1042.5,-0.3,85.0,0.02,-1040.0,-0.3,692.5,0.6900000000000001
224.0,Entry long,2025-11-04 09:40,IB_L,6847.5,1.0,342375.0,-1042.5,-0.3,85.0,0.02,-1040.0,-0.3,692.5,0.6900000000000001
225.0,Exit short,2025-11-07 12:25,IB_SX,6697.25,1.0,333837.5,-1030.0,-0.31,1060.0,0.32,-1027.5,-0.31,-337.5,-0.34
225.0,Entry short,2025-11-07 10:00,IB_S,6676.75,1.0,333837.5,-1030.0,-0.31,1060.0,0.32,-1027.5,-0.31,-337.5,-0.34
226.0,Exit long,2025-11-07 15:00,RTH End,6753.25,1.0,336425.0,1232.5,0.37,1347.5,0.4,-265.0,-0.08,895.0,0.9
226.0,Entry long,2025-11-07 13:40,IB_L,6728.5,1.0,336425.0,1232.5,0.37,1347.5,0.4,-265.0,-0.08,895.0,0.9
227.0,Exit short,2025-11-10 11:35,IB_SX,6825.0,1.0,340600.0,-655.0,-0.19,960.0,0.28,-652.5,-0.19,240.0,0.24
227.0,Entry short,2025-11-10 09:55,IB_S,6812.0,1.0,340600.0,-655.0,-0.19,960.0,0.28,-652.5,-0.19,240.0,0.24
228.0,Exit long,2025-11-10 13:50,IB_LX,6860.25,1.0,341925.0,1082.5,0.32,1085.0,0.32,-90.0,-0.03,1322.5,1.32
228.0,Entry long,2025-11-10 11:55,IB_L,6838.5,1.0,341925.0,1082.5,0.32,1085.0,0.32,-90.0,-0.03,1322.5,1.32
229.0,Exit long,2025-11-11 12:20,IB_LX,6876.0,1.0,342787.5,1007.5,0.29,1010.0,0.29,-240.0,-0.07,2330.0,2.33
229.0,Entry long,2025-11-11 11:20,IB_L,6855.75,1.0,342787.5,1007.5,0.29,1010.0,0.29,-240.0,-0.07,2330.0,2.33
230.0,Exit short,2025-11-12 14:30,IB_SX,6882.25,1.0,343537.5,-580.0,-0.17,360.0,0.1,-577.5,-0.17,1750.0,1.75
230.0,Entry short,2025-11-12 13:25,IB_S,6870.75,1.0,343537.5,-580.0,-0.17,360.0,0.1,-577.5,-0.17,1750.0,1.75
231.0,Exit short,2025-11-13 12:10,IB_SX,6780.25,1.0,340662.5,1645.0,0.48,1647.5,0.48,-65.0,-0.02,3395.0,3.4
231.0,Entry short,2025-11-13 09:45,IB_S,6813.25,1.0,340662.5,1645.0,0.48,1647.5,0.48,-65.0,-0.02,3395.0,3.4
232.0,Exit long,2025-11-14 15:00,RTH End,6757.75,1.0,337375.0,507.5,0.15,2397.5,0.71,-202.5,-0.06,3902.5,3.9
232.0,Entry long,2025-11-14 09:40,IB_L,6747.5,1.0,337375.0,507.5,0.15,2397.5,0.71,-202.5,-0.06,3902.5,3.9
233.0,Exit short,2025-11-17 10:30,IB_SX,6744.0,1.0,336175.0,-1030.0,-0.31,435.0,0.13,-1027.5,-0.31,2872.5,2.87
233.0,Entry short,2025-11-17 10:15,IB_S,6723.5,1.0,336175.0,-1030.0,-0.31,435.0,0.13,-1027.5,-0.31,2872.5,2.87
234.0,Exit short,2025-11-17 13:40,IB_SX,6674.5,1.0,336125.0,2395.0,0.71,2397.5,0.71,-690.0,-0.21,5267.5,5.2700000000000005
234.0,Entry short,2025-11-17 12:05,IB_S,6722.5,1.0,336125.0,2395.0,0.71,2397.5,0.71,-690.0,-0.21,5267.5,5.2700000000000005
235.0,Exit short,2025-11-19 10:35,VA_SX,6646.0,1.0,333212.5,907.5,0.27,910.0,0.27,-302.5,-0.09,6175.0,6.18
235.0,Entry short,2025-11-19 10:00,VA_S,6664.25,1.0,333212.5,907.5,0.27,910.0,0.27,-302.5,-0.09,6175.0,6.18
236.0,Exit short,2025-11-19 11:40,IB_SX,6646.0,1.0,331262.5,-1042.5,-0.31,160.0,0.05,-1040.0,-0.31,5132.5,5.13
236.0,Entry short,2025-11-19 11:40,IB_S,6625.25,1.0,331262.5,-1042.5,-0.31,160.0,0.05,-1040.0,-0.31,5132.5,5.13
237.0,Exit short,2025-11-19 13:55,IB_SX,6653.5,1.0,331637.5,-1042.5,-0.31,222.5,0.07,-1040.0,-0.31,4090.0,4.09
237.0,Entry short,2025-11-19 13:30,IB_S,6632.75,1.0,331637.5,-1042.5,-0.31,222.5,0.07,-1040.0,-0.31,4090.0,4.09
238.0,Exit short,2025-11-20 10:15,IB_SX,6722.25,1.0,337587.5,1470.0,0.44,1472.5,0.44,-277.5,-0.08,5560.0,5.5600000000000005
238.0,Entry short,2025-11-20 10:05,IB_S,6751.75,1.0,337587.5,1470.0,0.44,1472.5,0.44,-277.5,-0.08,5560.0,5.5600000000000005
239.0,Exit short,2025-11-21 09:45,IB_SX,6565.5,1.0,327250.0,-1030.0,-0.31,222.5,0.07,-1027.5,-0.31,4530.0,4.53
239.0,Entry short,2025-11-21 09:40,IB_S,6545.0,1.0,327250.0,-1030.0,-0.31,222.5,0.07,-1027.5,-0.31,4530.0,4.53
240.0,Exit short,2025-11-21 10:15,IB_SX,6570.25,1.0,327487.5,-1030.0,-0.31,397.5,0.12,-1027.5,-0.31,3500.0,3.5
240.0,Entry short,2025-11-21 10:05,IB_S,6549.75,1.0,327487.5,-1030.0,-0.31,397.5,0.12,-1027.5,-0.31,3500.0,3.5
241.0,Exit long,2025-11-21 12:45,VA_LX,6658.0,1.0,329537.5,3357.5,1.02,3360.0,1.02,-365.0,-0.11,6857.5,6.86
241.0,Entry long,2025-11-21 10:30,VA_L,6590.75,1.0,329537.5,3357.5,1.02,3360.0,1.02,-365.0,-0.11,6857.5,6.86
242.0,Exit long,2025-11-25 14:50,IB_LX,6789.75,1.0,336737.5,2745.0,0.8200000000000001,2747.5,0.8200000000000001,-915.0,-0.27,9602.5,9.6
242.0,Entry long,2025-11-25 09:45,IB_L,6734.75,1.0,336737.5,2745.0,0.8200000000000001,2747.5,0.8200000000000001,-915.0,-0.27,9602.5,9.6
243.0,Exit long,2025-11-26 15:00,RTH End,6825.25,1.0,341250.0,7.5,0.0,1085.0,0.32,-65.0,-0.02,9610.0,9.61
243.0,Entry long,2025-11-26 10:00,IB_L,6825.0,1.0,341250.0,7.5,0.0,1085.0,0.32,-65.0,-0.02,9610.0,9.61
244.0,Exit long,2025-11-30 17:05,RTH End,6855.25,1.0,342537.5,220.0,0.06,647.5,0.19,-415.0,-0.12,9830.0,9.83
244.0,Entry long,2025-11-28 09:50,IB_L,6850.75,1.0,342537.5,220.0,0.06,647.5,0.19,-415.0,-0.12,9830.0,9.83
245.0,Exit long,2025-12-01 13:30,IB_LX,6828.25,1.0,342325.0,-917.5,-0.27,460.0,0.13,-915.0,-0.27,8912.5,8.91
245.0,Entry long,2025-12-01 10:45,IB_L,6846.5,1.0,342325.0,-917.5,-0.27,460.0,0.13,-915.0,-0.27,8912.5,8.91
246.0,Exit long,2025-12-02 10:10,IB_LX,6848.0,1.0,342912.5,-517.5,-0.15,260.0,0.08,-515.0,-0.15,8395.0,8.4
246.0,Entry long,2025-12-02 09:50,IB_L,6858.25,1.0,342912.5,-517.5,-0.15,260.0,0.08,-515.0,-0.15,8395.0,8.4
247.0,Exit short,2025-12-02 11:15,IB_SX,6846.0,1.0,341262.5,-1042.5,-0.31,360.0,0.11,-1040.0,-0.3,7352.5,7.3500000000000005
247.0,Entry short,2025-12-02 10:25,IB_S,6825.25,1.0,341262.5,-1042.5,-0.31,360.0,0.11,-1040.0,-0.3,7352.5,7.3500000000000005
248.0,Exit long,2025-12-03 15:00,RTH End,6862.25,1.0,342687.5,420.0,0.12,972.5,0.28,-690.0,-0.2,7772.5,7.7700000000000005
248.0,Entry long,2025-12-03 10:05,IB_L,6853.75,1.0,342687.5,420.0,0.12,972.5,0.28,-690.0,-0.2,7772.5,7.7700000000000005
249.0,Exit short,2025-12-04 12:25,VA_SX,6870.5,1.0,343150.0,-380.0,-0.11,260.0,0.08,-377.5,-0.11,7392.5,7.390000000000001
249.0,Entry short,2025-12-04 11:25,VA_S,6863.0,1.0,343150.0,-380.0,-0.11,260.0,0.08,-377.5,-0.11,7392.5,7.390000000000001
250.0,Exit short,2025-12-04 13:35,IB_SX,6861.0,1.0,342075.0,-980.0,-0.29,22.5,0.01,-977.5,-0.29,6412.5,6.41
250.0,Entry short,2025-12-04 13:25,IB_S,6841.5,1.0,342075.0,-980.0,-0.29,22.5,0.01,-977.5,-0.29,6412.5,6.41
251.0,Exit short,2025-12-08 15:00,RTH End,6856.5,1.0,342812.5,-17.5,-0.01,1047.5,0.31,-365.0,-0.11,6395.0,6.4
251.0,Entry short,2025-12-08 10:00,IB_S,6856.25,1.0,342812.5,-17.5,-0.01,1047.5,0.31,-365.0,-0.11,6395.0,6.4
252.0,Exit long,2025-12-09 11:40,IB_LX,6857.5,1.0,343612.5,-742.5,-0.22,22.5,0.01,-740.0,-0.22,5652.5,5.65
252.0,Entry long,2025-12-09 10:20,IB_L,6872.25,1.0,343612.5,-742.5,-0.22,22.5,0.01,-740.0,-0.22,5652.5,5.65
253.0,Exit long,2025-12-10 13:30,IB_LX,6876.0,1.0,342712.5,1082.5,0.32,1085.0,0.32,-602.5,-0.18,6735.0,6.74
253.0,Entry long,2025-12-10 10:20,IB_L,6854.25,1.0,342712.5,1082.5,0.32,1085.0,0.32,-602.5,-0.18,6735.0,6.74
254.0,Exit long,2025-12-11 15:00,RTH End,6907.75,1.0,344312.5,1070.0,0.31,1147.5,0.33,-27.5,-0.01,7805.0,7.8100000000000005
254.0,Entry long,2025-12-11 11:20,IB_L,6886.25,1.0,344312.5,1070.0,0.31,1147.5,0.33,-27.5,-0.01,7805.0,7.8100000000000005
255.0,Exit short,2025-12-12 12:10,IB_SX,6851.25,1.0,341525.0,-1042.5,-0.31,1272.5,0.37,-1040.0,-0.3,6762.5,6.76
255.0,Entry short,2025-12-12 10:00,IB_S,6830.5,1.0,341525.0,-1042.5,-0.31,1272.5,0.37,-1040.0,-0.3,6762.5,6.76
256.0,Exit long,2025-12-15 11:15,VA_LX,6818.0,1.0,341412.5,-517.5,-0.15,122.5,0.04,-515.0,-0.15,6245.0,6.25
256.0,Entry long,2025-12-15 10:55,VA_L,6828.25,1.0,341412.5,-517.5,-0.15,122.5,0.04,-515.0,-0.15,6245.0,6.25
257.0,Exit short,2025-12-16 11:55,VA_SX,6826.75,1.0,341737.5,395.0,0.12,397.5,0.12,-227.5,-0.07,6640.0,6.640000000000001
257.0,Entry short,2025-12-16 11:45,VA_S,6834.75,1.0,341737.5,395.0,0.12,397.5,0.12,-227.5,-0.07,6640.0,6.640000000000001
258.0,Exit short,2025-12-16 13:40,IB_SX,6849.0,1.0,341425.0,-1030.0,-0.3,135.0,0.04,-1027.5,-0.3,5610.0,5.61
258.0,Entry short,2025-12-16 13:15,IB_S,6828.5,1.0,341425.0,-1030.0,-0.3,135.0,0.04,-1027.5,-0.3,5610.0,5.61
259.0,Exit short,2025-12-17 09:55,IB_SX,6804.5,1.0,341687.5,1457.5,0.43,1460.0,0.43,-202.5,-0.06,7067.5,7.07
259.0,Entry short,2025-12-17 09:40,IB_S,6833.75,1.0,341687.5,1457.5,0.43,1460.0,0.43,-202.5,-0.06,7067.5,7.07
260.0,Exit short,2025-12-18 11:25,VA_SX,6812.0,1.0,341600.0,995.0,0.29,997.5,0.29,-140.0,-0.04,8062.5,8.06
260.0,Entry short,2025-12-18 11:10,VA_S,6832.0,1.0,341600.0,995.0,0.29,997.5,0.29,-140.0,-0.04,8062.5,8.06
261.0,Exit long,2025-12-18 13:00,IB_LX,6837.5,1.0,342825.0,-955.0,-0.28,210.0,0.06,-952.5,-0.28,7107.5,7.11
261.0,Entry long,2025-12-18 12:35,IB_L,6856.5,1.0,342825.0,-955.0,-0.28,210.0,0.06,-952.5,-0.28,7107.5,7.11
262.0,Exit long,2025-12-22 15:00,RTH End,6929.25,1.0,346462.5,-5.0,0.0,347.5,0.1,-240.0,-0.07,7102.5,7.1000000000000005
262.0,Entry long,2025-12-22 10:15,IB_L,6929.25,1.0,346462.5,-5.0,0.0,347.5,0.1,-240.0,-0.07,7102.5,7.1000000000000005
263.0,Exit long,2025-12-23 15:00,RTH End,6960.25,1.0,347262.5,745.0,0.21,922.5,0.27,-65.0,-0.02,7847.5,7.8500000000000005
263.0,Entry long,2025-12-23 10:00,IB_L,6945.25,1.0,347262.5,745.0,0.21,922.5,0.27,-65.0,-0.02,7847.5,7.8500000000000005
264.0,Exit long,2025-12-24 11:30,IB_LX,6987.75,1.0,348650.0,732.5,0.21,735.0,0.21,-40.0,-0.01,8580.0,8.58
264.0,Entry long,2025-12-24 09:45,IB_L,6973.0,1.0,348650.0,732.5,0.21,735.0,0.21,-40.0,-0.01,8580.0,8.58
265.0,Exit short,2025-12-26 15:00,RTH End,6980.25,1.0,348562.5,-455.0,-0.13,110.0,0.03,-515.0,-0.15,8125.0,8.13
265.0,Entry short,2025-12-26 11:15,IB_S,6971.25,1.0,348562.5,-455.0,-0.13,110.0,0.03,-515.0,-0.15,8125.0,8.13
266.0,Exit short,2025-12-29 13:40,IB_SX,6956.0,1.0,347137.5,-667.5,-0.19,335.0,0.1,-665.0,-0.19,7457.5,7.46
266.0,Entry short,2025-12-29 11:20,IB_S,6942.75,1.0,347137.5,-667.5,-0.19,335.0,0.1,-665.0,-0.19,7457.5,7.46
267.0,Exit short,2025-12-31 15:00,RTH End,6892.0,1.0,345675.0,1070.0,0.31,1160.0,0.34,-365.0,-0.11,8527.5,8.53
267.0,Entry short,2025-12-31 13:35,IB_S,6913.5,1.0,345675.0,1070.0,0.31,1160.0,0.34,-365.0,-0.11,8527.5,8.53
268.0,Exit short,2026-01-02 13:30,IB_SX,6904.25,1.0,344187.5,-1030.0,-0.3,847.5,0.25,-1027.5,-0.3,7497.5,7.5
268.0,Entry short,2026-01-02 10:00,IB_S,6883.75,1.0,344187.5,-1030.0,-0.3,847.5,0.25,-1027.5,-0.3,7497.5,7.5
269.0,Exit short,2026-01-06 10:10,VA_SX,6957.5,1.0,347700.0,-180.0,-0.05,172.5,0.05,-177.5,-0.05,7317.5,7.32
269.0,Entry short,2026-01-06 10:05,VA_S,6954.0,1.0,347700.0,-180.0,-0.05,172.5,0.05,-177.5,-0.05,7317.5,7.32
270.0,Exit long,2026-01-06 15:00,RTH End,6986.0,1.0,348900.0,395.0,0.11,672.5,0.19,-227.5,-0.07,7712.5,7.71
270.0,Entry long,2026-01-06 12:00,IB_L,6978.0,1.0,348900.0,395.0,0.11,672.5,0.19,-227.5,-0.07,7712.5,7.71
271.0,Exit long,2026-01-07 12:25,IB_LX,6987.75,1.0,349962.5,-580.0,-0.17,372.5,0.11,-577.5,-0.17,7132.5,7.13
271.0,Entry long,2026-01-07 10:45,IB_L,6999.25,1.0,349962.5,-580.0,-0.17,372.5,0.11,-577.5,-0.17,7132.5,7.13
272.0,Exit long,2026-01-08 13:10,IB_LX,6952.75,1.0,348362.5,-730.0,-0.21,260.0,0.07,-727.5,-0.21,6402.5,6.4
272.0,Entry long,2026-01-08 11:45,IB_L,6967.25,1.0,348362.5,-730.0,-0.21,260.0,0.07,-727.5,-0.21,6402.5,6.4
273.0,Exit long,2026-01-09 15:00,RTH End,7004.25,1.0,349987.5,220.0,0.06,885.0,0.25,-490.0,-0.14,6622.5,6.62
273.0,Entry long,2026-01-09 10:15,IB_L,6999.75,1.0,349987.5,220.0,0.06,885.0,0.25,-490.0,-0.14,6622.5,6.62
274.0,Exit long,2026-01-13 10:15,VA_LX,7005.5,1.0,349750.0,520.0,0.15,522.5,0.15,-315.0,-0.09,7142.5,7.140000000000001
274.0,Entry long,2026-01-13 09:40,VA_L,6995.0,1.0,349750.0,520.0,0.15,522.5,0.15,-315.0,-0.09,7142.5,7.140000000000001
275.0,Exit short,2026-01-14 10:20,IB_SX,6948.75,1.0,346400.0,-1042.5,-0.3,72.5,0.02,-1040.0,-0.3,6100.0,6.1000000000000005
275.0,Entry short,2026-01-14 09:50,IB_S,6928.0,1.0,346400.0,-1042.5,-0.3,72.5,0.02,-1040.0,-0.3,6100.0,6.1000000000000005
276.0,Exit long,2026-01-15 11:55,IB_LX,7002.0,1.0,350562.5,-467.5,-0.13,297.5,0.08,-465.0,-0.13,5632.5,5.63
276.0,Entry long,2026-01-15 10:05,IB_L,7011.25,1.0,350562.5,-467.5,-0.13,297.5,0.08,-465.0,-0.13,5632.5,5.63
277.0,Exit short,2026-01-15 14:15,IB_SX,6978.75,1.0,349712.5,770.0,0.22,772.5,0.22,-277.5,-0.08,6402.5,6.4
277.0,Entry short,2026-01-15 13:35,IB_S,6994.25,1.0,349712.5,770.0,0.22,772.5,0.22,-277.5,-0.08,6402.5,6.4
278.0,Exit long,2026-01-16 12:45,VA_LX,6987.0,1.0,349500.0,-155.0,-0.04,135.0,0.04,-152.5,-0.04,6247.5,6.25
278.0,Entry long,2026-01-16 12:20,VA_L,6990.0,1.0,349500.0,-155.0,-0.04,135.0,0.04,-152.5,-0.04,6247.5,6.25
279.0,Exit long,2026-01-19 17:05,RTH End,6914.0,1.0,345400.0,295.0,0.09,435.0,0.13,-402.5,-0.12,6542.5,6.54
279.0,Entry long,2026-01-19 10:10,IB_L,6908.0,1.0,345400.0,295.0,0.09,435.0,0.13,-402.5,-0.12,6542.5,6.54
280.0,Exit long,2026-01-20 10:10,VA_LX,6902.25,1.0,344737.5,370.0,0.11,372.5,0.11,-15.0,0.0,6912.5,6.91
280.0,Entry long,2026-01-20 10:10,VA_L,6894.75,1.0,344737.5,370.0,0.11,372.5,0.11,-15.0,0.0,6912.5,6.91
281.0,Exit short,2026-01-20 13:30,IB_SX,6832.75,1.0,343175.0,1532.5,0.45,1535.0,0.45,-402.5,-0.12,8445.0,8.45
281.0,Entry short,2026-01-20 11:50,IB_S,6863.5,1.0,343175.0,1532.5,0.45,1535.0,0.45,-402.5,-0.12,8445.0,8.45
282.0,Exit short,2026-01-21 10:50,VA_SX,6864.75,1.0,343750.0,507.5,0.15,510.0,0.15,-165.0,-0.05,8952.5,8.950000000000001
282.0,Entry short,2026-01-21 10:40,VA_S,6875.0,1.0,343750.0,507.5,0.15,510.0,0.15,-165.0,-0.05,8952.5,8.950000000000001
283.0,Exit long,2026-01-21 11:15,IB_S,6839.75,1.0,342012.5,-30.0,-0.01,0.0,0.0,-27.5,-0.01,8920.0,8.92
283.0,Entry long,2026-01-21 11:15,VA_L,6840.25,1.0,342012.5,-30.0,-0.01,0.0,0.0,-27.5,-0.01,8920.0,8.92
284.0,Exit long,2026-01-21 11:55,VA_LX,6865.0,1.0,342012.5,1232.5,0.36,1235.0,0.36,-152.5,-0.04,10155.0,10.15
284.0,Entry long,2026-01-21 11:15,VA_L,6840.25,1.0,342012.5,1232.5,0.36,1235.0,0.36,-152.5,-0.04,10155.0,10.15
285.0,Exit long,2026-01-21 15:00,RTH End,6910.5,1.0,345075.0,445.0,0.13,2185.0,0.63,-52.5,-0.02,10600.0,10.6
285.0,Entry long,2026-01-21 13:30,IB_L,6901.5,1.0,345075.0,445.0,0.13,2185.0,0.63,-52.5,-0.02,10600.0,10.6
286.0,Exit long,2026-01-23 11:45,IB_LX,6938.5,1.0,347875.0,-955.0,-0.27,322.5,0.09,-952.5,-0.27,9645.0,9.65
286.0,Entry long,2026-01-23 09:50,IB_L,6957.5,1.0,347875.0,-955.0,-0.27,322.5,0.09,-952.5,-0.27,9645.0,9.65
287.0,Exit long,2026-01-23 13:00,VA_LX,6949.0,1.0,347112.5,332.5,0.1,335.0,0.1,-240.0,-0.07,9977.5,9.98
287.0,Entry long,2026-01-23 12:10,VA_L,6942.25,1.0,347112.5,332.5,0.1,335.0,0.1,-240.0,-0.07,9977.5,9.98
288.0,Exit long,2026-01-23 15:00,RTH End,6945.25,1.0,347725.0,-467.5,-0.13,60.0,0.02,-765.0,-0.22,9510.0,9.51
288.0,Entry long,2026-01-23 13:25,IB_L,6954.5,1.0,347725.0,-467.5,-0.13,60.0,0.02,-765.0,-0.22,9510.0,9.51
289.0,Exit long,2026-01-27 15:00,RTH End,7008.75,1.0,350437.5,-5.0,0.0,485.0,0.14,-365.0,-0.1,9505.0,9.5
289.0,Entry long,2026-01-27 09:40,IB_L,7008.75,1.0,350437.5,-5.0,0.0,485.0,0.14,-365.0,-0.1,9505.0,9.5
290.0,Exit short,2026-01-28 13:30,IB_SX,6991.75,1.0,350487.5,895.0,0.26,897.5,0.26,-290.0,-0.08,10400.0,10.4
290.0,Entry short,2026-01-28 09:45,IB_S,7009.75,1.0,350487.5,895.0,0.26,897.5,0.26,-290.0,-0.08,10400.0,10.4
291.0,Exit short,2026-01-30 10:20,VA_SX,6953.5,1.0,348462.5,782.5,0.22,785.0,0.23,-302.5,-0.09,11182.5,11.18
291.0,Entry short,2026-01-30 10:00,VA_S,6969.25,1.0,348462.5,782.5,0.22,785.0,0.23,-302.5,-0.09,11182.5,11.18
292.0,Exit long,2026-01-30 12:50,VA_LX,6953.75,1.0,346712.5,970.0,0.28,972.5,0.28,-65.0,-0.02,12152.5,12.15
292.0,Entry long,2026-01-30 12:40,VA_L,6934.25,1.0,346712.5,970.0,0.28,972.5,0.28,-65.0,-0.02,12152.5,12.15
293.0,Exit short,2026-01-30 14:45,IB_SX,6973.75,1.0,347662.5,-1030.0,-0.3,622.5,0.18,-1027.5,-0.3,11122.5,11.120000000000001
293.0,Entry short,2026-01-30 14:00,IB_S,6953.25,1.0,347662.5,-1030.0,-0.3,622.5,0.18,-1027.5,-0.3,11122.5,11.120000000000001
294.0,Exit long,2026-02-04 10:40,VA_LX,6904.25,1.0,345662.5,-455.0,-0.13,847.5,0.25,-452.5,-0.13,10667.5,10.67
294.0,Entry long,2026-02-04 10:20,VA_L,6913.25,1.0,345662.5,-455.0,-0.13,847.5,0.25,-452.5,-0.13,10667.5,10.67
295.0,Exit short,2026-02-10 15:00,RTH End,6961.75,1.0,348725.0,632.5,0.18,872.5,0.25,-390.0,-0.11,11300.0,11.3
295.0,Entry short,2026-02-10 12:30,IB_S,6974.5,1.0,348725.0,632.5,0.18,872.5,0.25,-390.0,-0.11,11300.0,11.3
296.0,Exit long,2026-02-11 11:55,VA_LX,6968.5,1.0,348800.0,-380.0,-0.11,185.0,0.05,-377.5,-0.11,10920.0,10.92
296.0,Entry long,2026-02-11 11:30,VA_L,6976.0,1.0,348800.0,-380.0,-0.11,185.0,0.05,-377.5,-0.11,10920.0,10.92
297.0,Exit long,2026-02-13 14:25,IB_LX,6849.0,1.0,343462.5,-1017.5,-0.3,1422.5,0.41000000000000003,-1015.0,-0.3,9902.5,9.9
297.0,Entry long,2026-02-13 10:05,IB_L,6869.25,1.0,343462.5,-1017.5,-0.3,1422.5,0.41000000000000003,-1015.0,-0.3,9902.5,9.9
